Code,Timestamp,Open,Close,Low,High,Volume
AAL,2024-07-19,10.63,10.58,10.43,10.65,25697300
AAL,2024-07-22,10.49,10.69,10.35,10.74,38897200
AAL,2024-07-23,10.63,10.48,10.47,10.74,30548000
AAL,2024-07-24,10.45,10.17,10.12,10.54,47312000
AAPL,2024-07-19,224.82,224.31,223.28,226.8,49151500
AAPL,2024-07-22,227.01,223.96,223.09,227.78,48201800
AAPL,2024-07-23,224.37,225.01,222.68,226.94,39960300
AAPL,2024-07-24,224.0,218.54,217.13,224.8,61777600
AAP,2024-07-19,61.2,59.62,59.35,61.35,1269400
AAP,2024-07-22,59.68,59.75,58.77,60.04,1191400
AAP,2024-07-23,58.66,59.64,58.33,59.84,1239100
AAP,2024-07-24,59.5,58.94,58.45,60.22,1294800
ABBV,2024-07-19,173.67,172.32,171.22,173.85,4293600
ABBV,2024-07-22,173.32,173.61,172.0,174.73,4066900
ABBV,2024-07-23,173.32,173.15,172.77,174.59,2933800
ABBV,2024-07-24,173.2,176.21,172.95,176.6,6117700
ABC,2024-07-19,87.63,88.86,86.79,88.9,1400300
ABC,2024-07-22,90.62,90.19,89.69,91.36,1549400
ABC,2024-07-23,89.04,90.63,88.6,91.09,1254600
ABC,2024-07-24,90.65,90.21,89.65,91.49,1160300
ABT,2024-07-19,100.61,102.03,100.08,102.4,11963600
ABT,2024-07-22,102.5,103.72,102.31,103.83,7880300
ABT,2024-07-23,104.01,103.92,103.37,104.33,5894500
ABT,2024-07-24,104.22,107.26,103.54,107.31,8680900
ACN,2024-07-19,331.09,329.19,327.71,335.79,5376200
ACN,2024-07-22,330.72,331.51,329.72,332.82,3419300
ACN,2024-07-23,331.43,330.33,327.97,332.2,1994000
ACN,2024-07-24,329.38,328.68,328.14,332.54,3286500
ADBE,2024-07-19,557.05,551.0,548.96,561.09,2601900
ADBE,2024-07-22,558.65,554.82,552.71,560.19,2391700
ADBE,2024-07-23,556.49,546.01,544.44,557.25,2363900
ADBE,2024-07-24,543.8,531.04,530.35,544.71,2630100
ADI,2024-07-19,240.3,231.22,230.74,240.3,2894900
ADI,2024-07-22,237.12,240.04,233.32,240.26,2827300
ADI,2024-07-23,234.1,230.32,229.03,236.92,3876200
ADI,2024-07-24,230.63,224.62,223.74,230.96,4589600
ADM,2024-07-19,64.91,64.19,63.53,64.92,2730400
ADM,2024-07-22,64.39,64.15,63.41,64.39,1404300
ADM,2024-07-23,63.81,62.22,62.19,63.99,2255400
ADM,2024-07-24,62.17,62.65,61.89,63.04,1847300
ADP,2024-07-19,248.23,246.97,244.65,248.87,1424500
ADP,2024-07-22,249.17,247.99,245.93,249.17,1421300
ADP,2024-07-23,246.92,248.35,246.01,248.85,765400
ADP,2024-07-24,249.66,247.1,245.8,249.66,1853200
ADSK,2024-07-19,242.95,242.45,239.62,243.54,1120500
ADSK,2024-07-22,245.48,245.26,242.9,245.79,712500
ADSK,2024-07-23,244.96,246.23,244.63,247.31,693900
ADSK,2024-07-24,244.59,239.45,239.01,245.23,1510700
ADS,2024-07-19,267.16,262.91,261.91,267.16,762600
ADS,2024-07-22,262.87,248.55,248.03,263.0,3865900
ADS,2024-07-23,249.4,256.0,248.43,256.0,3224100
ADS,2024-07-24,256.41,260.2,256.23,260.26,2826900
AEE,2024-07-19,75.88,74.82,74.33,75.88,1065100
AEE,2024-07-22,74.98,75.74,74.87,75.8,1332300
AEE,2024-07-23,75.62,75.08,75.0,75.89,1288800
AEE,2024-07-24,75.78,77.04,75.3,77.25,1429400
AEP,2024-07-19,93.81,93.14,92.58,93.81,2072800
AEP,2024-07-22,93.44,94.35,93.1,94.66,2754600
AEP,2024-07-23,94.2,93.64,93.35,94.24,3048900
AEP,2024-07-24,94.29,95.02,93.78,95.57,2523400
AES,2024-07-19,17.2,17.1,17.06,17.28,4641800
AES,2024-07-22,17.4,17.52,17.16,17.57,8080300
AES,2024-07-23,17.33,17.56,17.31,17.88,4993000
AES,2024-07-24,17.68,17.31,17.28,17.91,10045500
AET,2024-07-19,386.0,387.38,380.18,389.33,1075200
AET,2024-07-22,383.0,384.96,380.45,387.0,702900
AET,2024-07-23,384.59,385.87,380.02,388.6,816400
AET,2024-07-24,385.0,386.3,381.24,388.83,866000
AFL,2024-07-19,94.42,92.91,92.44,94.44,5323200
AFL,2024-07-22,93.15,94.5,93.0,94.56,1411300
AFL,2024-07-23,94.48,94.32,93.96,94.64,1040000
AFL,2024-07-24,94.65,94.14,93.72,94.83,1673100
AGN,2024-07-19,99.03,98.08,97.65,99.07,4229200
AGN,2024-07-22,98.13,97.95,97.31,98.14,3265100
AGN,2024-07-23,98.15,96.55,96.36,98.18,4202100
AGN,2024-07-24,95.42,96.6,95.42,97.08,4880300
AIG,2024-07-19,77.92,74.42,74.17,77.92,7045200
AIG,2024-07-22,74.68,76.08,74.68,76.44,5171400
AIG,2024-07-23,76.08,76.88,75.94,77.1,3613900
AIG,2024-07-24,76.85,75.26,75.2,77.25,4129700
AIV,2024-07-19,9.03,9.01,8.93,9.05,651100
AIV,2024-07-22,9.07,9.09,8.96,9.11,872000
AIV,2024-07-23,9.09,9.06,9.03,9.2,853000
AIV,2024-07-24,9.03,8.97,8.96,9.15,883500
AIZ,2024-07-19,172.81,169.79,168.65,172.81,386700
AIZ,2024-07-22,169.24,169.41,168.65,170.89,299800
AIZ,2024-07-23,169.68,172.45,169.12,172.69,319800
AIZ,2024-07-24,173.21,169.88,169.65,173.64,218800
AJG,2024-07-19,271.99,270.27,269.26,272.94,599200
AJG,2024-07-22,271.42,271.76,270.05,273.6,639100
AJG,2024-07-23,273.59,273.22,272.83,276.38,459900
AJG,2024-07-24,274.24,274.32,271.85,276.83,1215200
AKAM,2024-07-19,96.05,95.05,94.46,96.18,1425600
AKAM,2024-07-22,95.47,96.33,94.97,96.61,1043000
AKAM,2024-07-23,96.15,96.06,95.16,96.45,947300
AKAM,2024-07-24,96.1,95.22,95.1,97.29,1280200
ALB,2024-07-19,92.74,92.09,90.02,92.93,2235700
ALB,2024-07-22,93.13,93.57,91.4,93.99,2075700
ALB,2024-07-23,92.38,91.48,91.06,93.04,1896500
ALB,2024-07-24,91.0,90.88,90.75,93.17,2100600
ALGN,2024-07-19,253.46,251.6,249.98,257.42,682000
ALGN,2024-07-22,252.0,249.31,244.53,254.16,721000
ALGN,2024-07-23,249.96,250.65,247.87,252.48,569000
ALGN,2024-07-24,250.07,244.8,244.47,251.63,1266600
ALK,2024-07-19,36.98,37.93,36.58,38.18,3102500
ALK,2024-07-22,37.49,38.73,37.27,38.88,2292500
ALK,2024-07-23,39.11,38.06,37.93,39.27,3856800
ALK,2024-07-24,38.07,37.84,37.76,38.82,1739800
ALLE,2024-07-19,127.97,124.1,124.06,127.97,594200
ALLE,2024-07-22,124.66,126.67,123.05,126.79,602000
ALLE,2024-07-23,125.97,127.18,125.35,127.65,796500
ALLE,2024-07-24,130.34,127.86,124.61,131.79,1551500
ALL,2024-07-19,177.54,174.38,174.03,177.54,1239500
ALL,2024-07-22,175.5,174.83,174.01,175.71,960700
ALL,2024-07-23,174.51,173.6,173.39,175.89,903500
ALL,2024-07-24,174.62,172.34,172.25,176.44,1232700
ALXN,2024-07-19,235.05,230.74,229.45,235.05,1074800
ALXN,2024-07-22,231.27,231.09,229.04,232.22,866700
ALXN,2024-07-23,232.0,234.33,230.37,234.45,1353900
ALXN,2024-07-24,235.45,237.34,234.46,238.17,1226400
AMAT,2024-07-19,217.5,210.26,209.67,218.28,6517100
AMAT,2024-07-22,216.23,223.47,213.36,224.09,7515600
AMAT,2024-07-23,220.45,219.65,218.62,221.95,3635300
AMAT,2024-07-24,217.37,206.53,205.53,217.77,9263400
AMD,2024-07-19,154.86,151.58,150.62,155.81,47513100
AMD,2024-07-22,154.23,155.87,152.54,156.7,43912500
AMD,2024-07-23,154.95,154.0,153.8,157.05,31950600
AMD,2024-07-24,152.72,144.63,144.53,153.68,49203100
AME,2024-07-19,173.02,169.16,169.12,173.02,887000
AME,2024-07-22,170.83,172.97,169.51,173.11,782700
AME,2024-07-23,172.16,171.87,171.71,173.43,814100
AME,2024-07-24,171.14,166.95,166.88,171.23,925000
AMGN,2024-07-19,333.65,331.29,328.43,333.98,1848700
AMGN,2024-07-22,333.23,335.97,332.47,337.09,1733700
AMGN,2024-07-23,334.36,333.24,331.31,337.04,1458200
AMGN,2024-07-24,333.25,335.61,330.34,337.18,2459300
AMG,2024-07-19,168.98,167.94,167.48,169.58,181700
AMG,2024-07-22,169.03,171.31,167.34,171.41,209400
AMG,2024-07-23,170.76,171.68,170.55,172.7,200700
AMG,2024-07-24,170.39,169.27,168.79,172.55,315000
AMP,2024-07-19,419.24,410.89,410.83,419.24,616600
AMP,2024-07-22,412.79,420.01,410.99,420.17,441400
AMP,2024-07-23,419.19,421.39,416.94,422.79,494400
AMP,2024-07-24,422.38,424.25,419.98,432.63,995500
AMT,2024-07-19,211.87,210.14,209.32,211.87,1404100
AMT,2024-07-22,209.97,209.37,208.23,212.43,1476200
AMT,2024-07-23,209.56,209.52,208.97,212.19,1123600
AMT,2024-07-24,210.25,209.39,208.57,212.81,1922800
AMZN,2024-07-19,181.14,183.13,180.11,184.93,43081800
AMZN,2024-07-22,185.0,182.55,182.48,185.06,39931900
AMZN,2024-07-23,184.1,186.41,183.56,189.39,47537700
AMZN,2024-07-24,183.2,180.83,180.41,185.45,41532400
ANDV,2024-07-19,165.64,165.16,164.01,166.88,3037100
ANDV,2024-07-22,165.1,165.9,164.12,167.69,2620900
ANDV,2024-07-23,165.9,163.97,163.55,166.31,2018200
ANDV,2024-07-24,164.05,167.55,163.72,167.73,2534900
ANSS,2024-07-19,315.41,314.54,312.61,317.11,330400
ANSS,2024-07-22,315.89,318.64,315.89,320.48,471000
ANSS,2024-07-23,317.57,320.08,317.15,324.56,263100
ANSS,2024-07-24,319.44,310.55,309.42,319.44,404000
ANTM,2024-07-19,280.83,279.95,276.17,280.83,2607300
ANTM,2024-07-22,283.62,287.08,282.73,289.09,3260000
ANTM,2024-07-23,285.86,282.99,280.77,291.83,3342000
ANTM,2024-07-24,280.05,266.34,265.77,281.03,3086700
AON,2024-07-19,301.43,296.17,295.79,301.43,883400
AON,2024-07-22,296.63,299.12,296.56,300.84,908500
AON,2024-07-23,299.43,298.43,298.33,302.18,1117300
AON,2024-07-24,300.0,298.2,297.06,301.74,763200
AOS,2024-07-19,89.36,87.99,87.57,89.68,1038600
AOS,2024-07-22,88.15,88.81,86.67,89.08,1138800
AOS,2024-07-23,80.92,80.47,79.83,85.07,2721300
AOS,2024-07-24,80.88,80.76,80.65,82.5,2167100
APA,2024-07-19,31.84,31.76,31.29,32.0,4457200
APA,2024-07-22,31.63,31.27,31.08,31.78,4602800
APA,2024-07-23,31.07,30.69,30.62,31.16,3814300
APA,2024-07-24,30.95,30.28,30.18,31.09,3846800
APC,2024-07-19,271.99,270.27,269.26,272.94,599200
APC,2024-07-22,271.42,271.76,270.05,273.6,639100
APC,2024-07-23,273.59,273.22,272.83,276.38,459900
APC,2024-07-24,274.24,274.32,271.85,276.83,1215200
APD,2024-07-19,267.16,262.91,261.91,267.16,762600
APD,2024-07-22,262.87,248.55,248.03,263.0,3865900
APD,2024-07-23,249.4,256.0,248.43,256.0,3224100
APD,2024-07-24,256.41,260.2,256.23,260.26,2826900
APH,2024-07-19,66.59,64.35,64.23,67.13,7745800
APH,2024-07-22,65.0,66.24,64.87,66.64,7449800
APH,2024-07-23,66.12,66.26,65.9,67.32,8759800
APH,2024-07-24,62.58,61.99,61.39,64.3,14011300
APTV,2024-07-19,70.23,68.87,67.26,70.34,5526600
APTV,2024-07-22,69.65,69.93,68.5,70.2,2601300
APTV,2024-07-23,68.47,68.59,68.1,69.52,2536900
APTV,2024-07-24,68.08,67.08,66.99,69.16,3196700
ARE,2024-07-19,126.41,125.21,124.17,126.55,918600
ARE,2024-07-22,125.4,125.84,124.31,126.37,931100
ARE,2024-07-23,124.01,121.41,119.32,125.3,1864600
ARE,2024-07-24,120.99,115.57,115.57,120.99,1568300
ARNC,2024-07-19,181.4,179.67,177.39,181.5,5121300
ARNC,2024-07-22,181.36,178.9,177.23,182.72,4883500
ARNC,2024-07-23,179.1,186.48,179.0,187.04,7614300
ARNC,2024-07-24,185.62,180.07,179.97,187.0,5109100
ATVI,2024-07-19,269.76,268.45,266.71,271.59,793500
ATVI,2024-07-22,268.85,271.08,263.0,271.55,1105600
ATVI,2024-07-23,271.81,270.36,268.5,272.15,801600
ATVI,2024-07-24,269.44,262.52,262.49,270.13,1310900
AVB,2024-07-19,210.01,207.37,206.65,210.01,449400
AVB,2024-07-22,207.33,209.27,206.62,210.0,436400
AVB,2024-07-23,209.07,208.19,207.7,209.51,386600
AVB,2024-07-24,208.5,206.06,205.32,209.27,411100
AVGO,2024-07-19,161.84,157.35,157.12,163.95,26309500
AVGO,2024-07-22,160.23,161.06,157.9,162.99,28813300
AVGO,2024-07-23,160.4,163.77,159.9,165.33,21570200
AVGO,2024-07-24,160.35,151.34,151.1,161.41,37162600
AVY,2024-07-19,224.14,219.99,219.62,224.14,364900
AVY,2024-07-22,219.92,224.18,219.16,224.77,654100
AVY,2024-07-23,229.53,220.56,216.46,233.48,775900
AVY,2024-07-24,219.52,214.79,214.3,219.52,898500
AWK,2024-07-19,141.5,141.16,140.37,142.11,855900
AWK,2024-07-22,140.91,141.8,140.55,142.25,545900
AWK,2024-07-23,141.3,140.49,140.24,141.81,573600
AWK,2024-07-24,141.11,142.4,140.74,143.41,987000
AXP,2024-07-19,241.8,242.38,237.65,243.38,5750400
AXP,2024-07-22,243.01,244.75,239.9,245.61,2590000
AXP,2024-07-23,246.96,246.9,245.04,248.99,2564000
AXP,2024-07-24,245.0,240.99,240.67,245.62,2838100
AYI,2024-07-19,257.57,254.43,252.86,258.73,244700
AYI,2024-07-22,256.43,256.51,251.83,257.59,224900
AYI,2024-07-23,257.16,257.6,255.42,259.93,186900
AYI,2024-07-24,255.51,246.22,245.67,257.37,322200
AZO,2024-07-19,2949.34,2950.4,2931.91,2973.71,90300
AZO,2024-07-22,2955.83,2957.73,2940.68,2976.14,91200
AZO,2024-07-23,2940.0,2921.53,2914.25,2967.82,86700
AZO,2024-07-24,2918.95,2941.73,2894.02,2950.73,126900
A,2024-07-19,131.96,131.78,130.29,132.78,1731400
A,2024-07-22,133.06,133.42,131.4,133.93,2009400
A,2024-07-23,137.61,130.65,130.49,137.66,1640800
A,2024-07-24,130.87,134.16,130.18,134.43,2066700
BAC,2024-07-19,42.86,42.9,42.69,43.56,43903000
BAC,2024-07-22,42.64,42.3,41.96,42.87,42838300
BAC,2024-07-23,42.22,42.41,42.15,42.78,36705100
BAC,2024-07-24,42.28,42.19,42.07,42.75,36567200
BAX,2024-07-19,35.87,35.35,35.17,35.87,4497400
BAX,2024-07-22,35.43,35.36,34.96,35.53,3177200
BAX,2024-07-23,35.41,35.27,35.12,35.43,4712700
BAX,2024-07-24,35.43,35.49,35.13,35.62,3977900
BA,2024-07-19,181.4,179.67,177.39,181.5,5121300
BA,2024-07-22,181.36,178.9,177.23,182.72,4883500
BA,2024-07-23,179.1,186.48,179.0,187.04,7614300
BA,2024-07-24,185.62,180.07,179.97,187.0,5109100
BBT,2024-07-19,321.49,320.31,316.22,322.87,1113300
BBT,2024-07-22,318.71,312.97,306.36,319.43,1768200
BBT,2024-07-23,314.65,320.04,304.76,323.9,1964600
BBT,2024-07-24,320.84,312.66,310.23,320.84,1988600
BBY,2024-07-19,88.25,88.6,87.72,89.02,3024000
BBY,2024-07-22,89.34,88.96,86.79,89.34,3756900
BBY,2024-07-23,88.46,88.95,88.04,89.48,2589700
BBY,2024-07-24,88.95,87.73,86.96,89.04,2586500
BDX,2024-07-19,235.05,230.74,229.45,235.05,1074800
BDX,2024-07-22,231.27,231.09,229.04,232.22,866700
BDX,2024-07-23,232.0,234.33,230.37,234.45,1353900
BDX,2024-07-24,235.45,237.34,234.46,238.17,1226400
BEN,2024-07-19,23.53,23.49,23.37,23.68,2989700
BEN,2024-07-22,23.54,23.54,23.12,23.61,5083300
BEN,2024-07-23,23.42,23.21,23.2,23.73,3088600
BEN,2024-07-24,23.29,22.88,22.84,23.39,3350600
BF.B,2024-07-19,41.61,41.23,40.98,41.75,1586100
BF.B,2024-07-22,41.41,41.79,40.6,41.83,1920600
BF.B,2024-07-23,41.43,41.16,40.56,41.72,2394700
BF.B,2024-07-24,41.0,39.84,39.74,41.22,2131200
BHF,2024-07-19,48.2,47.68,47.57,48.66,412000
BHF,2024-07-22,47.95,48.16,47.39,48.25,269600
BHF,2024-07-23,47.91,48.66,47.77,48.67,350400
BHF,2024-07-24,48.52,47.66,47.64,49.16,298400
BHGE,2024-07-19,154.86,151.58,150.62,155.81,47513100
BHGE,2024-07-22,154.23,155.87,152.54,156.7,43912500
BHGE,2024-07-23,154.95,154.0,153.8,157.05,31950600
BHGE,2024-07-24,152.72,144.63,144.53,153.68,49203100
BIIB,2024-07-19,225.67,226.4,222.38,227.63,851800
BIIB,2024-07-22,227.73,226.63,223.62,228.48,692400
BIIB,2024-07-23,226.29,224.29,223.53,228.05,854800
BIIB,2024-07-24,224.1,226.03,223.11,228.07,908400
BK,2024-07-19,63.3,62.22,62.19,63.3,3569400
BK,2024-07-22,62.36,63.26,62.08,63.29,4426900
BK,2024-07-23,63.3,63.63,63.29,64.92,6740900
BK,2024-07-24,63.78,63.9,63.57,64.63,4727900
BLK,2024-07-19,833.67,830.7,825.06,833.67,1036200
BLK,2024-07-22,836.55,843.24,835.04,845.5,573200
BLK,2024-07-23,841.81,844.69,839.02,850.99,701500
BLK,2024-07-24,844.08,827.65,826.11,846.24,660300
BLL,2024-07-19,151.46,149.73,149.36,151.46,3187000
BLL,2024-07-22,149.37,151.02,148.72,151.74,3692800
BLL,2024-07-23,150.2,150.27,149.64,150.96,1622400
BLL,2024-07-24,150.29,146.45,145.3,150.92,3029500
BMY,2024-07-19,42.63,42.64,41.61,42.83,12839900
BMY,2024-07-22,42.43,42.67,42.37,42.98,10115500
BMY,2024-07-23,42.44,42.98,41.9,43.08,17688600
BMY,2024-07-24,43.25,44.66,43.25,44.78,20392800
BRK.B,2024-07-19,268.53,259.88,258.52,268.53,2759500
BRK.B,2024-07-22,259.85,262.01,259.19,262.3,1307300
BRK.B,2024-07-23,262.53,263.25,261.18,263.29,1307800
BRK.B,2024-07-24,267.86,260.04,258.68,267.89,1940300
BSX,2024-07-19,76.9,77.56,76.22,77.69,7913000
BSX,2024-07-22,77.67,78.27,77.47,78.64,6471000
BSX,2024-07-23,78.56,78.59,78.19,79.43,6719000
BSX,2024-07-24,76.6,77.76,75.41,78.09,15546900
BWA,2024-07-19,32.5,32.62,32.13,32.96,2709100
BWA,2024-07-22,32.86,32.65,32.26,32.97,2897300
BWA,2024-07-23,32.31,32.55,32.19,32.7,2042900
BWA,2024-07-24,31.92,31.97,31.7,32.6,2462200
BXP,2024-07-19,67.29,66.76,66.07,67.56,794000
BXP,2024-07-22,66.76,67.87,66.07,67.92,718400
BXP,2024-07-23,67.51,69.18,67.21,69.7,918600
BXP,2024-07-24,68.95,67.02,66.93,70.2,958700
CAG,2024-07-19,30.22,29.63,29.48,30.22,3385900
CAG,2024-07-22,29.64,29.66,29.41,29.75,2793900
CAG,2024-07-23,29.56,29.27,28.91,29.62,2887500
CAG,2024-07-24,29.3,29.86,29.15,29.91,3717500
CAH,2024-07-19,96.36,95.03,94.29,96.36,1614800
CAH,2024-07-22,95.47,95.42,94.99,96.7,1534700
CAH,2024-07-23,95.67,95.84,94.85,96.17,1169300
CAH,2024-07-24,96.19,96.71,95.13,96.85,1693400
CAT,2024-07-19,353.91,346.22,345.28,355.04,3462700
CAT,2024-07-22,348.0,347.87,341.38,348.73,2659600
CAT,2024-07-23,345.73,344.17,341.38,348.66,2027800
CAT,2024-07-24,342.95,336.04,335.45,344.82,2835800
CA,2024-07-19,25.07,25.07,25.07,25.07,100
CA,2024-07-22,25.14,25.14,25.14,25.14,100
CA,2024-07-23,25.1,25.1,25.1,25.1,100
CA,2024-07-24,25.1,25.07,25.07,25.1,300
CBG,2024-07-19,214.33,203.48,202.95,215.26,2819800
CBG,2024-07-22,203.21,205.42,203.21,205.8,1283600
CBG,2024-07-23,205.54,208.53,205.24,208.82,1536500
CBG,2024-07-24,209.32,207.73,205.94,209.88,1276500
CBOE,2024-07-19,185.09,184.63,183.56,185.57,865500
CBOE,2024-07-22,184.99,186.0,184.0,187.02,694200
CBOE,2024-07-23,186.51,183.22,183.01,187.27,827600
CBOE,2024-07-24,183.6,185.17,182.02,186.77,812500
CBS,2024-07-19,257.57,254.43,252.86,258.73,244700
CBS,2024-07-22,256.43,256.51,251.83,257.59,224900
CBS,2024-07-23,257.16,257.6,255.42,259.93,186900
CBS,2024-07-24,255.51,246.22,245.67,257.37,322200
CB,2024-07-19,268.53,259.88,258.52,268.53,2759500
CB,2024-07-22,259.85,262.01,259.19,262.3,1307300
CB,2024-07-23,262.53,263.25,261.18,263.29,1307800
CB,2024-07-24,267.86,260.04,258.68,267.89,1940300
CCI,2024-07-19,105.53,105.08,103.72,105.86,3313700
CCI,2024-07-22,105.09,103.94,103.7,105.5,1731100
CCI,2024-07-23,103.79,104.29,103.28,105.35,3479900
CCI,2024-07-24,104.52,105.47,103.87,106.27,2311000
CCL,2024-07-19,18.29,18.43,18.16,18.5,13619900
CCL,2024-07-22,18.4,18.42,18.2,18.74,21676000
CCL,2024-07-23,18.51,19.07,18.46,19.48,35636000
CCL,2024-07-24,18.87,18.19,18.18,19.03,28171400
CDNS,2024-07-19,280.83,279.95,276.17,280.83,2607300
CDNS,2024-07-22,283.62,287.08,282.73,289.09,3260000
CDNS,2024-07-23,285.86,282.99,280.77,291.83,3342000
CDNS,2024-07-24,280.05,266.34,265.77,281.03,3086700
CELG,2024-07-19,102.8,102.61,102.24,103.69,1190100
CELG,2024-07-22,101.95,100.64,99.3,102.02,1937300
CELG,2024-07-23,100.97,100.21,100.05,101.23,1480000
CELG,2024-07-24,100.08,100.35,99.27,100.98,1087300
CERN,2024-07-19,66.59,64.35,64.23,67.13,7745800
CERN,2024-07-22,65.0,66.24,64.87,66.64,7449800
CERN,2024-07-23,66.12,66.26,65.9,67.32,8759800
CERN,2024-07-24,62.58,61.99,61.39,64.3,14011300
CFG,2024-07-19,40.57,41.0,40.33,41.16,5799100
CFG,2024-07-22,40.84,41.4,40.43,41.41,6648400
CFG,2024-07-23,41.3,42.3,41.3,42.62,8802700
CFG,2024-07-24,42.41,42.22,42.01,43.08,7490200
CF,2024-07-19,72.87,71.74,71.12,72.87,1124900
CF,2024-07-22,72.08,71.39,71.03,72.18,992100
CF,2024-07-23,70.81,70.52,70.42,71.37,1935300
CF,2024-07-24,70.78,71.48,70.49,71.62,1216500
CHD,2024-07-19,102.8,102.61,102.24,103.69,1190100
CHD,2024-07-22,101.95,100.64,99.3,102.02,1937300
CHD,2024-07-23,100.97,100.21,100.05,101.23,1480000
CHD,2024-07-24,100.08,100.35,99.27,100.98,1087300
CHK,2024-07-19,80.99,81.01,79.84,81.24,1556000
CHK,2024-07-22,81.02,81.36,80.54,81.64,1493600
CHK,2024-07-23,80.79,79.97,78.95,80.99,2007000
CHK,2024-07-24,80.23,77.66,77.6,80.62,1848600
CHRW,2024-07-19,87.63,88.86,86.79,88.9,1400300
CHRW,2024-07-22,90.62,90.19,89.69,91.36,1549400
CHRW,2024-07-23,89.04,90.63,88.6,91.09,1254600
CHRW,2024-07-24,90.65,90.21,89.65,91.49,1160300
CHTR,2024-07-19,321.49,320.31,316.22,322.87,1113300
CHTR,2024-07-22,318.71,312.97,306.36,319.43,1768200
CHTR,2024-07-23,314.65,320.04,304.76,323.9,1964600
CHTR,2024-07-24,320.84,312.66,310.23,320.84,1988600
CINF,2024-07-19,126.32,121.03,120.34,126.46,989300
CINF,2024-07-22,121.85,120.39,120.18,122.0,625700
CINF,2024-07-23,120.39,121.2,119.72,121.41,696400
CINF,2024-07-24,121.95,120.03,119.79,121.95,754900
CI,2024-07-19,343.67,335.84,335.53,343.67,1169200
CI,2024-07-22,335.76,335.79,334.59,338.08,756300
CI,2024-07-23,336.05,336.17,333.79,337.31,603400
CI,2024-07-24,337.67,342.21,334.93,342.71,1029800
CLX,2024-07-19,137.66,135.14,134.65,137.66,827000
CLX,2024-07-22,135.5,133.03,130.37,135.84,1498500
CLX,2024-07-23,132.38,132.56,131.33,132.89,1075300
CLX,2024-07-24,132.66,132.8,131.56,133.76,767600
CL,2024-07-19,99.03,98.08,97.65,99.07,4229200
CL,2024-07-22,98.13,97.95,97.31,98.14,3265100
CL,2024-07-23,98.15,96.55,96.36,98.18,4202100
CL,2024-07-24,95.42,96.6,95.42,97.08,4880300
CMA,2024-07-19,50.27,50.42,48.71,51.0,8603400
CMA,2024-07-22,49.61,51.11,49.37,51.21,3165600
CMA,2024-07-23,50.59,52.09,50.59,52.39,2206600
CMA,2024-07-24,52.14,51.28,51.28,52.91,1773200
CMCSA,2024-07-19,40.18,40.08,39.87,40.29,19305200
CMCSA,2024-07-22,40.11,39.53,38.78,40.19,23213400
CMCSA,2024-07-23,39.41,38.51,36.97,39.57,30777500
CMCSA,2024-07-24,38.72,38.09,37.38,38.85,23447900
CME,2024-07-19,201.63,199.85,199.16,201.89,1554800
CME,2024-07-22,199.56,199.88,198.54,200.39,1258500
CME,2024-07-23,200.17,197.44,196.99,200.27,2175300
CME,2024-07-24,200.23,197.25,194.92,200.55,2688400
CMG,2024-07-19,53.92,53.54,52.95,54.0,15629900
CMG,2024-07-22,53.48,53.56,52.98,54.03,13869100
CMG,2024-07-23,53.89,52.55,52.34,54.72,17558000
CMG,2024-07-24,52.04,51.78,51.46,52.49,39208200
CMI,2024-07-19,298.99,291.15,290.01,299.0,1763800
CMI,2024-07-22,292.12,292.25,287.42,293.27,801400
CMI,2024-07-23,288.41,283.65,280.07,289.42,959300
CMI,2024-07-24,281.9,281.57,278.05,284.72,620100
CMS,2024-07-19,61.99,61.34,60.84,61.99,1817600
CMS,2024-07-22,61.53,61.44,61.25,61.65,2040300
CMS,2024-07-23,61.55,61.4,61.26,61.78,1488900
CMS,2024-07-24,61.93,62.47,61.42,62.57,2311200
CNC,2024-07-19,66.68,66.24,65.78,67.0,3541700
CNC,2024-07-22,65.92,66.14,65.65,66.64,2765300
CNC,2024-07-23,65.5,64.89,63.45,66.12,5344000
CNC,2024-07-24,65.16,66.12,64.68,66.39,4216500
CNP,2024-07-19,29.01,28.97,28.6,29.06,3697400
CNP,2024-07-22,29.03,28.96,28.81,29.18,3405200
CNP,2024-07-23,28.92,28.7,28.69,29.01,3132100
CNP,2024-07-24,29.0,29.02,28.71,29.16,3221900
COF,2024-07-19,148.92,147.27,146.3,149.12,2564700
COF,2024-07-22,146.21,145.11,144.5,147.32,3257100
COF,2024-07-23,145.26,145.5,144.84,147.46,3686300
COF,2024-07-24,143.67,146.41,140.5,148.93,4567800
COG,2024-07-19,131.96,131.78,130.29,132.78,1731400
COG,2024-07-22,133.06,133.42,131.4,133.93,2009400
COG,2024-07-23,137.61,130.65,130.49,137.66,1640800
COG,2024-07-24,130.87,134.16,130.18,134.43,2066700
COL,2024-07-19,217.73,214.61,214.24,218.14,2660600
COL,2024-07-22,215.27,216.97,213.63,217.11,2784600
COL,2024-07-23,216.98,217.38,216.21,218.86,1791200
COL,2024-07-24,217.38,213.65,213.13,217.77,3524600
COO,2024-07-19,91.8,90.75,89.65,92.01,744800
COO,2024-07-22,91.54,91.47,90.05,91.81,590700
COO,2024-07-23,91.45,90.67,90.32,91.99,1630000
COO,2024-07-24,90.99,91.99,90.39,93.27,1071500
COP,2024-07-19,117.16,114.35,114.23,117.32,7559100
COP,2024-07-22,113.6,112.32,112.1,113.67,5172800
COP,2024-07-23,111.85,110.83,110.07,112.05,5714300
COP,2024-07-24,111.72,111.1,110.51,112.42,4808000
COST,2024-07-19,836.51,838.13,835.56,848.88,1984400
COST,2024-07-22,845.75,847.42,838.6,849.59,1920200
COST,2024-07-23,848.9,852.11,845.58,854.58,1744100
COST,2024-07-24,844.6,830.82,829.5,846.0,2511300
COTY,2024-07-19,9.91,9.96,9.84,9.97,2210700
COTY,2024-07-22,10.02,9.96,9.82,10.03,3077600
COTY,2024-07-23,9.9,9.95,9.86,10.08,2459300
COTY,2024-07-24,9.9,9.58,9.48,9.94,5218000
CPB,2024-07-19,48.04,46.4,46.36,48.04,2164300
CPB,2024-07-22,46.29,46.22,45.78,46.45,2023900
CPB,2024-07-23,45.98,45.58,45.43,46.13,1463900
CPB,2024-07-24,45.72,46.47,45.28,46.58,1790700
CRM,2024-07-19,248.65,247.63,245.17,248.99,4468900
CRM,2024-07-22,248.75,254.08,248.0,255.58,5647600
CRM,2024-07-23,256.59,256.06,253.75,257.33,3905500
CRM,2024-07-24,253.63,249.78,248.9,255.91,5204100
CSCO,2024-07-19,48.09,47.32,47.14,48.1,18289200
CSCO,2024-07-22,47.32,46.82,46.77,47.38,19899400
CSCO,2024-07-23,46.75,46.36,46.34,46.78,16372000
CSCO,2024-07-24,46.54,46.85,46.24,47.04,25318200
CSRA,2024-07-19,19.63,19.67,19.21,19.78,948400
CSRA,2024-07-22,19.75,19.24,19.01,19.75,1458700
CSRA,2024-07-23,19.23,19.76,19.18,19.8,868900
CSRA,2024-07-24,19.7,19.47,19.46,19.99,795400
CSX,2024-07-19,35.05,34.69,34.41,35.17,7383300
CSX,2024-07-22,34.79,34.51,34.1,34.82,10739400
CSX,2024-07-23,34.28,33.64,33.61,34.32,10978400
CSX,2024-07-24,33.64,33.2,33.11,33.64,16504700
CTAS,2024-07-19,758.75,758.56,754.85,768.71,545200
CTAS,2024-07-22,765.63,772.05,759.67,772.05,412400
CTAS,2024-07-23,772.57,756.04,752.57,773.0,612300
CTAS,2024-07-24,759.85,754.05,751.55,767.5,585500
CTL,2024-07-19,67.29,66.76,66.07,67.56,794000
CTL,2024-07-22,66.76,67.87,66.07,67.92,718400
CTL,2024-07-23,67.51,69.18,67.21,69.7,918600
CTL,2024-07-24,68.95,67.02,66.93,70.2,958700
CTSH,2024-07-19,75.41,74.33,74.08,75.85,5069000
CTSH,2024-07-22,74.65,75.16,74.09,75.19,4135200
CTSH,2024-07-23,74.91,73.89,73.6,74.91,5753100
CTSH,2024-07-24,73.78,72.69,72.39,73.92,4094700
CTXS,2024-07-19,113.46,111.75,111.59,113.52,5721900
CTXS,2024-07-22,112.3,113.21,112.1,113.59,4764600
CTXS,2024-07-23,113.31,113.42,113.1,113.99,3203100
CTXS,2024-07-24,113.06,111.25,111.15,113.14,4755500
CVS,2024-07-19,59.61,58.9,58.47,59.79,7143900
CVS,2024-07-22,58.88,58.33,58.08,59.06,7913600
CVS,2024-07-23,58.17,57.97,57.32,58.21,7460500
CVS,2024-07-24,58.08,58.54,57.43,58.63,10223200
CVX,2024-07-19,162.48,159.15,158.41,162.7,6427700
CVX,2024-07-22,158.22,156.99,156.85,158.98,5577300
CVX,2024-07-23,156.35,154.09,153.84,156.6,6238700
CVX,2024-07-24,154.69,155.07,153.42,155.7,5971700
CXO,2024-07-19,241.8,242.38,237.65,243.38,5750400
CXO,2024-07-22,243.01,244.75,239.9,245.61,2590000
CXO,2024-07-23,246.96,246.9,245.04,248.99,2564000
CXO,2024-07-24,245.0,240.99,240.67,245.62,2838100
C,2024-07-19,64.93,65.14,64.55,65.98,8583100
C,2024-07-22,65.14,64.5,64.15,65.65,9925100
C,2024-07-23,64.51,64.66,64.28,65.04,6961200
C,2024-07-24,64.4,63.66,63.56,64.67,11591100
DAL,2024-07-19,44.74,45.44,44.05,45.86,8789800
DAL,2024-07-22,44.65,43.83,43.55,44.92,14486000
DAL,2024-07-23,43.84,43.61,43.24,44.04,10772600
DAL,2024-07-24,43.48,42.94,42.81,43.9,7120100
DE,2024-07-19,383.24,378.06,377.18,384.14,1152100
DE,2024-07-22,379.13,379.25,372.28,380.65,1071200
DE,2024-07-23,376.34,371.52,370.76,378.29,1335900
DE,2024-07-24,370.41,369.39,367.93,375.68,1256300
DFS,2024-07-19,143.83,141.77,139.58,143.83,1516700
DFS,2024-07-22,141.06,139.82,138.64,141.41,1557000
DFS,2024-07-23,139.82,139.6,138.57,141.79,1378000
DFS,2024-07-24,138.11,140.26,137.44,141.59,1575200
DGX,2024-07-19,148.11,146.01,145.94,148.11,907000
DGX,2024-07-22,146.54,147.35,145.72,148.26,1334400
DGX,2024-07-23,143.96,140.96,137.71,146.41,1893400
DGX,2024-07-24,141.99,143.91,140.06,144.38,1060800
DG,2024-07-19,122.28,122.42,120.31,122.98,2153700
DG,2024-07-22,122.66,123.28,122.3,124.61,2067800
DG,2024-07-23,123.0,120.4,120.18,123.11,1880400
DG,2024-07-24,120.5,117.05,115.98,120.5,2763800
DHI,2024-07-19,173.75,173.84,171.13,177.06,4125200
DHI,2024-07-22,174.54,177.16,172.03,178.01,3653700
DHI,2024-07-23,176.8,176.56,174.82,178.71,3051100
DHI,2024-07-24,175.78,171.07,170.95,176.95,3280400
DHR,2024-07-19,244.99,243.54,241.0,245.25,2982600
DHR,2024-07-22,246.11,250.89,245.18,251.27,3314300
DHR,2024-07-23,270.0,264.18,263.56,272.98,7523300
DHR,2024-07-24,261.88,265.76,261.6,268.27,4080200
DISCA,2024-07-19,126.45,126.22,125.8,126.91,1220400
DISCA,2024-07-22,127.5,128.34,127.16,128.89,1129800
DISCA,2024-07-23,128.27,129.2,127.76,129.34,1045700
DISCA,2024-07-24,128.64,125.7,125.47,129.04,1530000
DISCK,2024-07-19,25.07,25.07,25.07,25.07,100
DISCK,2024-07-22,25.14,25.14,25.14,25.14,100
DISCK,2024-07-23,25.1,25.1,25.1,25.1,100
DISCK,2024-07-24,25.1,25.07,25.07,25.1,300
DISH,2024-07-19,63.3,62.22,62.19,63.3,3569400
DISH,2024-07-22,62.36,63.26,62.08,63.29,4426900
DISH,2024-07-23,63.3,63.63,63.29,64.92,6740900
DISH,2024-07-24,63.78,63.9,63.57,64.63,4727900
DIS,2024-07-19,96.82,95.74,95.44,96.82,9301000
DIS,2024-07-22,95.11,94.13,93.49,95.16,13377000
DIS,2024-07-23,90.7,90.94,89.83,91.69,22534700
DIS,2024-07-24,90.22,89.8,89.58,90.75,11768500
DLR,2024-07-19,155.66,155.17,154.21,155.98,1168800
DLR,2024-07-22,155.33,155.56,154.1,156.68,1347900
DLR,2024-07-23,155.18,155.09,154.87,156.73,1128300
DLR,2024-07-24,154.75,151.66,151.49,155.61,1568100
DLTR,2024-07-19,106.71,106.56,105.31,107.53,2928000
DLTR,2024-07-22,107.09,107.21,106.32,108.57,2279300
DLTR,2024-07-23,106.56,107.01,106.22,108.15,2358400
DLTR,2024-07-24,107.0,103.69,103.33,107.32,2999000
DOV,2024-07-19,187.53,183.7,182.76,188.0,856600
DOV,2024-07-22,181.99,181.15,179.32,183.5,1416600
DOV,2024-07-23,181.68,180.37,179.96,182.65,1122400
DOV,2024-07-24,179.4,176.33,176.21,179.69,1310700
DPS,2024-07-19,541.15,534.35,531.48,542.23,1667300
DPS,2024-07-22,540.67,546.42,535.98,547.12,1163700
DPS,2024-07-23,570.97,552.24,550.67,572.24,2005600
DPS,2024-07-24,552.92,574.73,552.65,575.25,2857300
DRE,2024-07-19,72.87,71.74,71.12,72.87,1124900
DRE,2024-07-22,72.08,71.39,71.03,72.18,992100
DRE,2024-07-23,70.81,70.52,70.42,71.37,1935300
DRE,2024-07-24,70.78,71.48,70.49,71.62,1216500
DRI,2024-07-19,143.36,142.86,141.19,143.36,1008300
DRI,2024-07-22,142.89,143.6,139.98,143.71,1320500
DRI,2024-07-23,142.54,140.2,140.14,143.8,1477900
DRI,2024-07-24,140.06,139.43,138.21,140.15,1430900
DTE,2024-07-19,117.59,116.09,115.48,117.59,671500
DTE,2024-07-22,116.65,117.21,115.97,117.39,760900
DTE,2024-07-23,117.04,115.9,115.8,117.16,647200
DTE,2024-07-24,117.16,117.91,116.39,118.35,954000
DUK,2024-07-19,107.58,106.92,106.31,107.61,2163200
DUK,2024-07-22,106.94,107.54,106.58,107.7,2373200
DUK,2024-07-23,107.48,107.12,107.02,107.9,1512000
DUK,2024-07-24,108.25,108.6,107.04,108.92,2875500
DVA,2024-07-19,136.9,137.95,134.48,138.89,698200
DVA,2024-07-22,137.96,139.96,137.96,140.02,395800
DVA,2024-07-23,141.13,141.86,139.89,142.21,330400
DVA,2024-07-24,142.73,143.81,142.17,144.86,356400
DVN,2024-07-19,48.4,47.74,47.53,48.4,4995500
DVN,2024-07-22,47.5,46.8,46.46,47.51,5634900
DVN,2024-07-23,46.54,45.96,45.77,46.66,6678400
DVN,2024-07-24,46.31,45.58,45.56,46.63,5279000
DWDP,2024-07-19,23.53,23.49,23.37,23.68,2989700
DWDP,2024-07-22,23.54,23.54,23.12,23.61,5083300
DWDP,2024-07-23,23.42,23.21,23.2,23.73,3088600
DWDP,2024-07-24,23.29,22.88,22.84,23.39,3350600
DXC,2024-07-19,19.63,19.67,19.21,19.78,948400
DXC,2024-07-22,19.75,19.24,19.01,19.75,1458700
DXC,2024-07-23,19.23,19.76,19.18,19.8,868900
DXC,2024-07-24,19.7,19.47,19.46,19.99,795400
D,2024-07-19,51.82,51.41,50.96,51.82,2680000
D,2024-07-22,51.58,51.8,51.32,51.92,2509100
D,2024-07-23,51.64,50.72,50.68,51.74,4193500
D,2024-07-24,51.23,52.13,50.67,52.3,4168800
EA,2024-07-19,145.97,140.2,140.09,146.0,4844700
EA,2024-07-22,140.74,143.25,140.74,144.2,2890800
EA,2024-07-23,142.02,141.99,140.66,142.57,2695000
EA,2024-07-24,142.12,141.18,140.95,142.82,2313400
EBAY,2024-07-19,54.59,53.6,53.5,54.64,3488700
EBAY,2024-07-22,53.78,53.91,53.39,54.35,3406500
EBAY,2024-07-23,53.76,53.24,53.11,53.93,4678600
EBAY,2024-07-24,53.47,53.66,53.27,54.05,5898400
ECL,2024-07-19,243.1,243.17,241.24,243.72,1026000
ECL,2024-07-22,244.47,246.35,243.63,246.52,679900
ECL,2024-07-23,247.4,246.72,245.61,247.4,705600
ECL,2024-07-24,246.75,245.43,244.69,248.41,1230100
ED,2024-07-19,94.57,94.04,93.59,94.63,1809600
ED,2024-07-22,93.1,94.64,93.02,94.73,1547900
ED,2024-07-23,94.44,93.25,93.22,94.44,1245700
ED,2024-07-24,94.0,95.88,93.71,95.92,2179800
EFX,2024-07-19,264.67,260.3,259.88,268.62,1301000
EFX,2024-07-22,262.9,269.62,260.45,270.25,796200
EFX,2024-07-23,269.0,264.99,264.36,269.88,510300
EFX,2024-07-24,263.72,260.89,260.11,265.52,641200
EIX,2024-07-19,75.35,74.94,74.56,75.42,1325200
EIX,2024-07-22,74.82,75.2,74.55,75.37,1165000
EIX,2024-07-23,75.12,75.11,74.93,75.44,1131400
EIX,2024-07-24,75.89,76.04,75.31,76.5,1378900
EL,2024-07-19,97.0,99.18,95.87,99.24,3803100
EL,2024-07-22,98.89,101.04,97.59,101.97,3221300
EL,2024-07-23,100.43,99.96,99.37,101.21,2543500
EL,2024-07-24,101.93,99.8,98.99,102.0,2468800
EMN,2024-07-19,99.1,97.15,96.62,99.23,494900
EMN,2024-07-22,97.74,97.31,95.96,98.06,756700
EMN,2024-07-23,97.78,97.44,96.6,97.78,649900
EMN,2024-07-24,97.69,96.38,96.36,98.54,822800
EMR,2024-07-19,117.36,115.68,114.96,117.43,2657800
EMR,2024-07-22,116.47,117.83,115.67,117.96,2424100
EMR,2024-07-23,117.52,117.62,117.12,118.67,1403300
EMR,2024-07-24,117.09,114.08,113.96,117.78,2151300
EOG,2024-07-19,132.4,129.25,128.6,132.43,3215700
EOG,2024-07-22,128.63,126.92,126.84,128.94,2088100
EOG,2024-07-23,125.89,124.9,124.12,126.18,3676600
EOG,2024-07-24,125.91,125.1,124.64,126.64,2209700
EQIX,2024-07-19,796.01,786.82,783.31,800.0,234300
EQIX,2024-07-22,786.82,798.86,783.32,799.97,266200
EQIX,2024-07-23,806.3,802.97,800.27,812.87,243100
EQIX,2024-07-24,802.0,794.15,790.0,807.07,353100
EQR,2024-07-19,70.59,70.14,69.91,70.59,1708300
EQR,2024-07-22,70.0,71.04,69.97,71.14,1269700
EQR,2024-07-23,71.0,70.86,70.47,71.4,1604200
EQR,2024-07-24,71.05,70.01,69.86,71.4,1682200
EQT,2024-07-19,35.04,35.88,34.95,35.92,66340100
EQT,2024-07-22,36.29,35.67,35.52,36.67,13474300
EQT,2024-07-23,35.85,35.05,35.01,35.87,13451800
EQT,2024-07-24,35.6,35.1,35.04,36.28,15384800
ESRX,2024-07-19,59.61,58.9,58.47,59.79,7143900
ESRX,2024-07-22,58.88,58.33,58.08,59.06,7913600
ESRX,2024-07-23,58.17,57.97,57.32,58.21,7460500
ESRX,2024-07-24,58.08,58.54,57.43,58.63,10223200
ESS,2024-07-19,285.64,284.79,281.79,286.59,347900
ESS,2024-07-22,284.79,290.13,284.48,290.68,465400
ESS,2024-07-23,290.17,291.06,289.32,292.03,254200
ESS,2024-07-24,291.22,285.96,285.39,292.37,232100
ES,2024-07-19,61.61,61.1,60.63,61.61,1696000
ES,2024-07-22,61.25,61.76,61.05,62.12,1530700
ES,2024-07-23,61.83,60.82,60.74,62.0,1183900
ES,2024-07-24,61.64,63.03,61.29,63.12,2386500
ETFC,2024-07-19,42.86,42.9,42.69,43.56,43903000
ETFC,2024-07-22,42.64,42.3,41.96,42.87,42838300
ETFC,2024-07-23,42.22,42.41,42.15,42.78,36705100
ETFC,2024-07-24,42.28,42.19,42.07,42.75,36567200
ETN,2024-07-19,312.23,311.89,310.7,316.31,2287600
ETN,2024-07-22,316.5,320.32,315.45,321.5,2252500
ETN,2024-07-23,320.0,321.94,319.67,325.33,1518500
ETN,2024-07-24,316.84,299.6,299.32,318.08,3876300
ETR,2024-07-19,111.4,110.48,110.02,111.4,1012200
ETR,2024-07-22,110.23,111.02,110.08,111.5,817300
ETR,2024-07-23,110.86,110.35,110.15,110.96,682200
ETR,2024-07-24,111.22,111.86,110.42,112.06,1104700
EVHC,2024-07-19,324.21,322.16,321.64,325.97,1239800
EVHC,2024-07-22,323.18,325.38,320.3,331.04,1571600
EVHC,2024-07-23,346.5,340.17,334.38,348.0,2767100
EVHC,2024-07-24,344.2,343.94,337.16,344.95,1974200
EW,2024-07-19,87.04,86.5,85.75,87.5,2433900
EW,2024-07-22,86.68,87.99,86.5,88.5,2741900
EW,2024-07-23,87.67,87.05,86.76,88.28,2633400
EW,2024-07-24,86.97,86.95,86.22,87.6,4091100
EXC,2024-07-19,36.26,36.13,35.92,36.26,4532700
EXC,2024-07-22,36.26,36.25,36.04,36.29,4941200
EXC,2024-07-23,36.16,35.87,35.84,36.23,3172700
EXC,2024-07-24,36.17,36.47,36.0,36.53,5649800
EXPD,2024-07-19,120.92,120.2,119.35,121.41,3151700
EXPD,2024-07-22,121.41,122.97,120.28,123.05,1251900
EXPD,2024-07-23,122.33,123.87,121.64,124.34,1060600
EXPD,2024-07-24,123.44,124.03,122.28,124.63,1024200
EXPE,2024-07-19,134.49,135.88,133.87,136.58,1412200
EXPE,2024-07-22,134.83,134.46,132.62,136.31,1642000
EXPE,2024-07-23,134.85,132.67,132.52,136.21,1524600
EXPE,2024-07-24,131.64,128.49,127.2,131.85,2084500
EXR,2024-07-19,167.65,164.1,163.61,167.65,754100
EXR,2024-07-22,164.53,165.77,162.35,165.84,714200
EXR,2024-07-23,165.32,166.48,164.72,167.11,854100
EXR,2024-07-24,166.3,161.87,161.52,167.6,852300
FAST,2024-07-19,69.2,67.89,67.64,69.24,3226300
FAST,2024-07-22,68.16,68.28,67.38,68.52,1794800
FAST,2024-07-23,68.08,67.9,67.83,68.39,1637600
FAST,2024-07-24,67.66,67.31,67.2,68.11,2964300
FBHS,2024-07-19,30.22,29.63,29.48,30.22,3385900
FBHS,2024-07-22,29.64,29.66,29.41,29.75,2793900
FBHS,2024-07-23,29.56,29.27,28.91,29.62,2887500
FBHS,2024-07-24,29.3,29.86,29.15,29.91,3717500
FB,2024-07-19,141.5,141.16,140.37,142.11,855900
FB,2024-07-22,140.91,141.8,140.55,142.25,545900
FB,2024-07-23,141.3,140.49,140.24,141.81,573600
FB,2024-07-24,141.11,142.4,140.74,143.41,987000
FCX,2024-07-19,45.68,45.9,45.47,46.3,9671000
FCX,2024-07-22,45.85,46.01,45.46,46.14,12381400
FCX,2024-07-23,45.0,45.27,43.54,45.5,18792700
FCX,2024-07-24,45.59,44.18,44.12,45.76,18534000
FDX,2024-07-19,306.62,306.31,304.02,308.73,1294600
FDX,2024-07-22,307.0,307.43,301.4,307.74,1414200
FDX,2024-07-23,299.0,300.8,297.75,304.09,2268400
FDX,2024-07-24,300.81,298.28,296.58,300.81,1541100
FE,2024-07-19,39.66,39.59,39.24,39.71,2004200
FE,2024-07-22,39.65,39.8,39.5,39.84,1393500
FE,2024-07-23,39.83,39.88,39.61,39.96,1786400
FE,2024-07-24,40.08,40.42,39.88,40.52,2417200
FFIV,2024-07-19,177.79,174.97,173.54,177.79,349100
FFIV,2024-07-22,176.2,175.37,173.86,177.35,678600
FFIV,2024-07-23,174.69,173.8,173.56,176.2,246300
FFIV,2024-07-24,173.75,170.44,170.21,174.04,513800
FISV,2024-07-19,158.39,156.04,155.55,158.81,2631527
FISV,2024-07-22,157.04,158.63,156.35,158.76,1916003
FISV,2024-07-23,158.13,157.22,157.12,159.21,3494202
FISV,2024-07-24,160.0,161.16,158.76,161.73,5170577
FIS,2024-07-19,76.53,75.25,74.86,76.53,2987500
FIS,2024-07-22,74.77,75.32,74.16,75.53,2717500
FIS,2024-07-23,75.3,75.1,74.57,75.57,2618700
FIS,2024-07-24,74.72,75.33,74.24,75.48,2659100
FITB,2024-07-19,40.85,40.99,40.01,41.2,7149200
FITB,2024-07-22,40.99,40.86,40.16,41.0,6724500
FITB,2024-07-23,40.73,41.26,40.62,41.59,4148100
FITB,2024-07-24,41.24,40.98,40.94,41.85,5007800
FLIR,2024-07-19,18.29,18.43,18.16,18.5,13619900
FLIR,2024-07-22,18.4,18.42,18.2,18.74,21676000
FLIR,2024-07-23,18.51,19.07,18.46,19.48,35636000
FLIR,2024-07-24,18.87,18.19,18.18,19.03,28171400
FLR,2024-07-19,47.98,47.78,47.38,48.43,988400
FLR,2024-07-22,48.07,48.56,47.61,48.77,1131500
FLR,2024-07-23,48.59,49.4,48.37,49.92,1148200
FLR,2024-07-24,48.69,47.16,47.14,49.23,1907800
FLS,2024-07-19,50.33,49.67,49.65,50.5,644100
FLS,2024-07-22,49.91,50.85,49.46,50.92,622200
FLS,2024-07-23,50.64,50.73,50.37,51.41,604300
FLS,2024-07-24,50.48,49.49,49.47,50.71,892200
FL,2024-07-19,24.98,25.36,24.66,25.53,1994000
FL,2024-07-22,26.04,25.75,25.26,26.12,2371700
FL,2024-07-23,25.69,25.99,25.43,26.19,1482100
FL,2024-07-24,25.63,25.58,25.06,25.78,1706700
FMC,2024-07-19,59.76,57.82,56.7,59.76,1651600
FMC,2024-07-22,58.19,57.91,56.68,58.38,1351100
FMC,2024-07-23,57.69,57.48,56.68,57.7,1637600
FMC,2024-07-24,57.66,56.95,56.52,57.66,1676700
FOXA,2024-07-19,37.08,36.89,36.82,37.23,1900700
FOXA,2024-07-22,36.92,37.04,36.45,37.1,2300900
FOXA,2024-07-23,36.93,37.07,36.5,37.15,2073000
FOXA,2024-07-24,37.08,37.09,36.82,37.31,1634900
FOX,2024-07-19,34.75,34.33,34.21,34.94,800000
FOX,2024-07-22,34.38,34.43,33.87,34.5,662600
FOX,2024-07-23,34.4,34.55,33.91,34.58,913700
FOX,2024-07-24,34.58,34.47,34.26,34.71,672100
FRT,2024-07-19,110.01,109.5,108.76,110.01,538200
FRT,2024-07-22,109.38,110.8,108.76,110.88,442600
FRT,2024-07-23,110.64,109.69,109.65,110.78,414900
FRT,2024-07-24,109.79,107.25,106.8,110.16,550100
FTI,2024-07-19,27.71,28.15,27.54,28.49,4496400
FTI,2024-07-22,28.0,28.01,27.94,28.29,2880700
FTI,2024-07-23,27.94,28.25,27.86,28.53,2973500
FTI,2024-07-24,28.3,27.29,27.22,28.42,7407300
FTV,2024-07-19,77.23,75.59,75.51,77.23,1308100
FTV,2024-07-22,76.18,76.62,75.44,76.66,1265500
FTV,2024-07-23,76.44,76.68,76.32,77.15,2154500
FTV,2024-07-24,71.0,70.4,67.91,73.76,5773600
F,2024-07-19,14.49,13.98,13.96,14.5,75908600
F,2024-07-22,14.02,14.12,13.79,14.18,59116800
F,2024-07-23,14.06,13.83,13.57,14.07,85897700
F,2024-07-24,13.73,13.67,13.59,13.88,81768700
GD,2024-07-19,294.36,288.22,287.83,294.36,973600
GD,2024-07-22,288.43,291.21,287.54,291.48,745300
GD,2024-07-23,292.68,294.46,292.05,295.62,1288200
GD,2024-07-24,286.0,284.67,276.79,286.49,3268400
GE,2024-07-19,159.66,159.13,157.62,160.44,5459800
GE,2024-07-22,159.97,162.76,159.77,162.94,6350500
GE,2024-07-23,166.0,172.0,164.62,177.2,16428000
GE,2024-07-24,171.5,162.3,162.05,172.87,7335200
GGP,2024-07-19,88.25,88.6,87.72,89.02,3024000
GGP,2024-07-22,89.34,88.96,86.79,89.34,3756900
GGP,2024-07-23,88.46,88.95,88.04,89.48,2589700
GGP,2024-07-24,88.95,87.73,86.96,89.04,2586500
GILD,2024-07-19,73.51,72.56,71.96,73.74,5571800
GILD,2024-07-22,72.89,72.41,72.02,73.32,6420800
GILD,2024-07-23,71.95,71.17,70.78,72.29,4502400
GILD,2024-07-24,71.66,73.5,71.42,73.6,6600000
GIS,2024-07-19,65.57,64.38,64.16,65.72,2361300
GIS,2024-07-22,64.49,64.6,64.22,65.18,2778300
GIS,2024-07-23,64.56,63.99,63.56,64.64,2662100
GIS,2024-07-24,64.26,65.51,63.68,65.92,3621600
GLW,2024-07-19,45.08,44.31,44.19,45.08,6016900
GLW,2024-07-22,44.54,44.31,43.87,44.55,6154600
GLW,2024-07-23,44.3,44.06,44.01,44.64,6462600
GLW,2024-07-24,43.81,43.95,43.75,44.3,7370800
GM,2024-07-19,49.54,48.3,48.16,49.56,16931000
GM,2024-07-22,48.46,49.56,48.26,49.7,17064700
GM,2024-07-23,49.34,46.38,45.83,49.5,41152100
GM,2024-07-24,45.29,46.49,45.12,46.6,21134900
GOOGL,2024-07-19,178.88,177.66,177.13,180.29,18881900
GOOGL,2024-07-22,180.59,181.67,180.23,182.7,24100300
GOOGL,2024-07-23,182.05,181.79,181.54,183.61,36352700
GOOGL,2024-07-24,173.6,172.63,171.82,176.19,49585200
GOOG,2024-07-19,180.37,179.39,178.86,181.97,14485900
GOOG,2024-07-22,182.35,183.35,181.9,184.3,16303900
GOOG,2024-07-23,183.84,183.6,183.33,185.22,23772600
GOOG,2024-07-24,175.39,174.37,173.57,177.95,31250700
GPC,2024-07-19,140.62,138.26,137.43,140.95,3266000
GPC,2024-07-22,138.83,138.37,137.13,139.26,1245400
GPC,2024-07-23,136.0,137.21,134.39,139.27,2069300
GPC,2024-07-24,137.04,135.74,134.71,137.08,1269900
GPN,2024-07-19,101.47,100.64,99.4,101.85,1921800
GPN,2024-07-22,101.35,100.35,98.93,101.54,2353200
GPN,2024-07-23,101.06,99.91,99.25,101.18,1843800
GPN,2024-07-24,99.48,98.38,98.2,100.52,1868100
GPS,2024-07-19,22.78,22.65,22.56,22.94,6310000
GPS,2024-07-22,22.95,21.9,21.67,23.09,8305300
GPS,2024-07-23,21.79,22.02,21.68,22.25,6285300
GPS,2024-07-24,21.75,21.33,21.2,21.75,7306800
GRMN,2024-07-19,171.08,170.07,169.2,171.78,666700
GRMN,2024-07-22,170.38,172.73,170.37,172.81,532500
GRMN,2024-07-23,172.76,172.1,171.8,172.98,341000
GRMN,2024-07-24,172.6,172.84,171.58,174.45,912900
GS,2024-07-19,489.12,484.93,483.19,492.6,2032700
GS,2024-07-22,484.56,487.04,482.38,489.47,1792500
GS,2024-07-23,487.08,492.15,486.28,495.81,2020500
GS,2024-07-24,489.26,486.7,485.82,495.99,1598600
GT,2024-07-19,12.19,12.1,11.91,12.25,3146100
GT,2024-07-22,12.18,11.94,11.74,12.25,4736700
GT,2024-07-23,11.87,12.17,11.76,12.24,2911000
GT,2024-07-24,12.04,11.99,11.98,12.31,3012700
GWW,2024-07-19,963.52,945.83,942.54,963.52,192200
GWW,2024-07-22,950.53,951.61,936.27,953.14,201200
GWW,2024-07-23,951.49,951.3,949.1,958.73,159000
GWW,2024-07-24,948.57,932.63,932.18,950.48,212600
HAL,2024-07-19,34.25,34.4,33.7,35.23,18696900
HAL,2024-07-22,33.83,33.39,33.37,34.18,13880800
HAL,2024-07-23,33.38,33.49,33.02,33.59,10264500
HAL,2024-07-24,33.6,32.99,32.89,33.66,10136200
HAS,2024-07-19,60.05,59.0,58.52,60.05,1253700
HAS,2024-07-22,59.48,59.85,58.0,61.33,3558400
HAS,2024-07-23,59.39,58.28,58.14,59.48,1314900
HAS,2024-07-24,58.68,59.42,58.68,59.98,2253700
HBAN,2024-07-19,14.79,14.86,14.5,14.99,29332500
HBAN,2024-07-22,14.87,15.01,14.73,15.08,23466500
HBAN,2024-07-23,15.0,15.07,14.96,15.21,14437900
HBAN,2024-07-24,15.07,14.92,14.89,15.18,22373200
HBI,2024-07-19,5.4,5.4,5.3,5.5,9838900
HBI,2024-07-22,5.41,5.27,5.09,5.44,21886200
HBI,2024-07-23,5.26,5.36,5.17,5.41,12592300
HBI,2024-07-24,5.38,5.36,5.33,5.54,12955700
HCA,2024-07-19,324.21,322.16,321.64,325.97,1239800
HCA,2024-07-22,323.18,325.38,320.3,331.04,1571600
HCA,2024-07-23,346.5,340.17,334.38,348.0,2767100
HCA,2024-07-24,344.2,343.94,337.16,344.95,1974200
HCN,2024-07-19,31.84,31.76,31.29,32.0,4457200
HCN,2024-07-22,31.63,31.27,31.08,31.78,4602800
HCN,2024-07-23,31.07,30.69,30.62,31.16,3814300
HCN,2024-07-24,30.95,30.28,30.18,31.09,3846800
HCP,2024-07-19,33.45,33.48,33.43,33.53,2746800
HCP,2024-07-22,33.48,33.52,33.45,33.53,2118000
HCP,2024-07-23,33.53,33.59,33.53,33.62,2142600
HCP,2024-07-24,33.55,33.55,33.52,33.62,2285800
HD,2024-07-19,366.43,363.36,361.95,367.6,2474500
HD,2024-07-22,364.5,363.25,361.08,367.28,4049300
HD,2024-07-23,365.43,359.62,359.38,365.43,2535700
HD,2024-07-24,358.93,350.31,350.0,361.45,3508100
HES,2024-07-19,155.83,152.61,151.45,156.17,1725600
HES,2024-07-22,151.82,150.22,150.14,152.24,1311200
HES,2024-07-23,149.9,146.78,146.76,149.9,1390900
HES,2024-07-24,147.84,147.01,146.05,148.44,2702000
HIG,2024-07-19,104.91,101.11,101.02,104.91,1805800
HIG,2024-07-22,101.26,102.08,101.12,102.61,1430300
HIG,2024-07-23,102.22,101.92,101.48,102.57,1188100
HIG,2024-07-24,102.41,101.94,101.61,102.82,1402200
HII,2024-07-19,268.66,263.42,262.78,268.66,367500
HII,2024-07-22,264.19,266.13,262.86,266.21,208700
HII,2024-07-23,267.22,266.69,266.5,271.4,282400
HII,2024-07-24,267.39,265.3,263.83,268.24,329800
HLT,2024-07-19,219.19,219.19,216.88,220.16,1594800
HLT,2024-07-22,218.91,220.15,215.56,220.69,1189500
HLT,2024-07-23,219.59,220.66,218.97,222.89,1046500
HLT,2024-07-24,219.3,214.6,214.21,219.66,1365300
HOG,2024-07-19,35.63,34.62,34.33,35.81,1306600
HOG,2024-07-22,34.89,35.33,34.21,35.47,1219000
HOG,2024-07-23,34.0,34.64,33.41,34.92,2141600
HOG,2024-07-24,34.45,33.87,33.74,35.0,2543100
HOLX,2024-07-19,78.2,78.11,77.47,78.59,1660500
HOLX,2024-07-22,78.45,78.38,77.84,78.58,601500
HOLX,2024-07-23,78.7,78.1,78.03,78.7,1606700
HOLX,2024-07-24,78.26,78.34,78.0,79.21,1042200
HON,2024-07-19,217.73,214.61,214.24,218.14,2660600
HON,2024-07-22,215.27,216.97,213.63,217.11,2784600
HON,2024-07-23,216.98,217.38,216.21,218.86,1791200
HON,2024-07-24,217.38,213.65,213.13,217.77,3524600
HPE,2024-07-19,20.66,20.48,20.44,20.72,10035700
HPE,2024-07-22,20.62,20.59,20.48,20.79,9656900
HPE,2024-07-23,20.5,20.54,20.41,20.67,6290300
HPE,2024-07-24,20.41,20.05,20.03,20.67,9554200
HPQ,2024-07-19,37.41,37.15,36.88,37.44,4773500
HPQ,2024-07-22,37.62,38.02,37.42,38.04,4519900
HPQ,2024-07-23,37.78,37.71,37.65,38.14,4472700
HPQ,2024-07-24,37.58,37.82,37.5,38.12,6310400
HP,2024-07-19,38.7,38.21,37.49,38.7,1945300
HP,2024-07-22,38.08,37.78,37.33,38.12,1144300
HP,2024-07-23,37.66,37.74,37.24,38.07,1099100
HP,2024-07-24,37.98,37.75,37.42,38.56,1234600
HRB,2024-07-19,55.85,55.81,55.45,56.06,655500
HRB,2024-07-22,55.8,57.26,55.8,57.69,1090600
HRB,2024-07-23,57.0,56.45,56.17,57.08,785900
HRB,2024-07-24,56.14,55.85,55.5,56.59,740500
HRL,2024-07-19,32.34,31.79,31.63,32.44,2235500
HRL,2024-07-22,31.78,31.34,31.11,31.84,1759600
HRL,2024-07-23,31.4,31.18,31.08,31.54,1619600
HRL,2024-07-24,31.09,31.51,31.09,31.58,1845100
HRS,2024-07-19,833.67,830.7,825.06,833.67,1036200
HRS,2024-07-22,836.55,843.24,835.04,845.5,573200
HRS,2024-07-23,841.81,844.69,839.02,850.99,701500
HRS,2024-07-24,844.08,827.65,826.11,846.24,660300
HSIC,2024-07-19,71.06,70.34,70.16,71.62,1515800
HSIC,2024-07-22,71.61,70.95,70.48,72.63,1627900
HSIC,2024-07-23,70.95,69.99,69.76,71.47,1443400
HSIC,2024-07-24,70.29,70.29,69.84,71.0,1425800
HST,2024-07-19,17.79,17.86,17.65,18.0,6102100
HST,2024-07-22,17.86,17.93,17.69,18.02,3806300
HST,2024-07-23,17.92,17.93,17.88,18.29,5229400
HST,2024-07-24,17.89,17.18,17.14,17.93,9876800
HSY,2024-07-19,194.0,191.15,189.86,194.16,2196200
HSY,2024-07-22,191.0,191.29,189.24,191.82,1681000
HSY,2024-07-23,190.68,189.94,188.4,190.96,2124100
HSY,2024-07-24,190.28,192.1,189.35,192.99,1873800
HUM,2024-07-19,386.0,387.38,380.18,389.33,1075200
HUM,2024-07-22,383.0,384.96,380.45,387.0,702900
HUM,2024-07-23,384.59,385.87,380.02,388.6,816400
HUM,2024-07-24,385.0,386.3,381.24,388.83,866000
IBM,2024-07-19,186.33,183.25,181.95,187.0,3816000
IBM,2024-07-22,183.4,184.15,182.86,184.97,2488500
IBM,2024-07-23,184.36,184.1,183.01,185.38,2180200
IBM,2024-07-24,184.14,184.02,183.15,185.07,6962100
ICE,2024-07-19,148.57,147.68,146.69,148.57,2584700
ICE,2024-07-22,147.75,149.24,147.75,149.47,2697300
ICE,2024-07-23,149.92,148.57,148.38,150.0,3545700
ICE,2024-07-24,148.25,147.51,147.18,149.05,2939500
IDXX,2024-07-19,475.56,468.2,462.71,476.22,750300
IDXX,2024-07-22,474.9,475.29,466.98,479.3,576600
IDXX,2024-07-23,477.91,470.41,469.93,479.34,398500
IDXX,2024-07-24,469.78,471.34,463.94,478.48,671700
IFF,2024-07-19,96.42,95.67,95.28,96.62,859200
IFF,2024-07-22,98.04,98.14,96.14,98.49,1022400
IFF,2024-07-23,98.16,99.04,97.87,99.56,1006200
IFF,2024-07-24,98.94,98.08,97.99,99.68,1056700
ILMN,2024-07-19,115.43,114.49,113.32,116.21,1373000
ILMN,2024-07-22,116.21,117.61,114.36,118.15,1243400
ILMN,2024-07-23,118.8,115.6,115.31,119.19,1143300
ILMN,2024-07-24,114.62,116.29,113.91,118.54,1336800
INCY,2024-07-19,65.54,65.87,64.98,66.1,1559100
INCY,2024-07-22,66.09,65.19,64.3,66.16,1239600
INCY,2024-07-23,65.08,65.8,64.54,66.12,1108100
INCY,2024-07-24,66.01,66.91,65.62,66.98,2956700
INFO,2024-07-19,126.41,125.21,124.17,126.55,918600
INFO,2024-07-22,125.4,125.84,124.31,126.37,931100
INFO,2024-07-23,124.01,121.41,119.32,125.3,1864600
INFO,2024-07-24,120.99,115.57,115.57,120.99,1568300
INTC,2024-07-19,34.57,32.98,32.85,34.58,69628700
INTC,2024-07-22,33.28,33.37,32.76,33.41,48503700
INTC,2024-07-23,32.96,32.95,32.83,33.23,29466400
INTC,2024-07-24,32.53,31.7,31.66,32.8,62216700
INTU,2024-07-19,638.78,636.56,632.4,640.45,1056400
INTU,2024-07-22,643.61,644.52,635.91,645.98,1473500
INTU,2024-07-23,643.68,637.1,636.61,648.26,1193600
INTU,2024-07-24,629.82,620.24,619.1,637.06,1590200
IPG,2024-07-19,30.17,29.65,29.51,30.17,3018100
IPG,2024-07-22,29.05,29.67,28.92,29.7,4500700
IPG,2024-07-23,29.55,29.93,29.4,30.09,6149600
IPG,2024-07-24,30.0,29.57,28.84,30.07,7078300
IP,2024-07-19,45.7,45.72,45.49,46.04,4219100
IP,2024-07-22,45.9,46.49,45.76,46.68,6366400
IP,2024-07-23,46.09,45.92,45.52,46.18,5522100
IP,2024-07-24,45.54,46.28,44.97,47.3,15253200
IQV,2024-07-19,226.04,224.57,222.01,226.53,1093500
IQV,2024-07-22,239.86,245.23,230.27,246.41,2496300
IQV,2024-07-23,242.0,238.79,238.58,243.17,1918100
IQV,2024-07-24,238.04,238.75,236.32,240.91,1339300
IRM,2024-07-19,98.19,98.28,97.46,98.75,1082600
IRM,2024-07-22,98.28,100.13,98.17,100.22,1116900
IRM,2024-07-23,100.06,100.94,99.82,101.38,1053600
IRM,2024-07-24,100.56,96.9,96.78,100.81,1798300
IR,2024-07-19,98.25,96.86,96.79,98.55,1549000
IR,2024-07-22,97.9,99.95,97.08,100.14,2042900
IR,2024-07-23,99.65,100.25,99.51,101.3,1419400
IR,2024-07-24,99.39,95.75,95.57,99.79,3511200
ISRG,2024-07-19,449.43,455.01,439.0,456.81,4201300
ISRG,2024-07-22,462.33,461.12,459.18,468.78,2574400
ISRG,2024-07-23,459.1,455.06,454.36,462.61,1753100
ISRG,2024-07-24,455.25,454.02,452.25,460.59,2296500
ITW,2024-07-19,250.07,242.62,241.82,250.28,2575400
ITW,2024-07-22,244.11,245.39,240.47,245.74,763300
ITW,2024-07-23,244.62,243.06,242.74,245.75,642900
ITW,2024-07-24,241.82,239.3,238.59,244.21,893000
IT,2024-07-19,461.88,458.55,457.17,464.92,243000
IT,2024-07-22,461.43,471.69,460.86,472.04,343200
IT,2024-07-23,474.23,467.5,467.35,475.0,487900
IT,2024-07-24,462.89,457.42,457.1,465.97,402500
IVZ,2024-07-19,16.21,16.21,16.04,16.5,3667000
IVZ,2024-07-22,16.37,16.49,16.11,16.52,6004000
IVZ,2024-07-23,16.52,16.8,16.19,16.93,8767100
IVZ,2024-07-24,16.96,16.58,16.55,17.09,5584500
JBHT,2024-07-19,161.25,164.18,158.71,164.33,1235100
JBHT,2024-07-22,164.92,164.71,163.06,166.2,938800
JBHT,2024-07-23,162.67,165.13,162.67,167.32,817000
JBHT,2024-07-24,165.25,163.8,161.79,165.53,841700
JCI,2024-07-19,70.12,68.95,68.82,70.12,2441700
JCI,2024-07-22,69.64,70.2,68.9,70.23,2133300
JCI,2024-07-23,69.64,69.12,68.2,69.98,7095200
JCI,2024-07-24,68.8,67.54,67.42,68.84,8242600
JEC,2024-07-19,105.53,105.08,103.72,105.86,3313700
JEC,2024-07-22,105.09,103.94,103.7,105.5,1731100
JEC,2024-07-23,103.79,104.29,103.28,105.35,3479900
JEC,2024-07-24,104.52,105.47,103.87,106.27,2311000
JNJ,2024-07-19,156.51,154.69,154.12,156.51,7398000
JNJ,2024-07-22,154.77,154.24,153.59,155.11,6840600
JNJ,2024-07-23,153.31,152.35,151.57,153.5,6261900
JNJ,2024-07-24,152.76,156.28,152.33,156.41,7168200
JNPR,2024-07-19,37.47,37.29,37.26,37.47,1234400
JNPR,2024-07-22,37.09,37.25,36.91,37.31,3251800
JNPR,2024-07-23,37.16,37.18,37.1,37.4,2453500
JNPR,2024-07-24,37.11,36.77,36.74,37.22,3133800
JPM,2024-07-19,211.2,209.78,208.92,212.35,8095900
JPM,2024-07-22,210.46,210.28,209.71,212.17,7663200
JPM,2024-07-23,211.02,210.33,209.35,211.48,5557300
JPM,2024-07-24,209.55,208.59,208.07,212.03,7119000
JWN,2024-07-19,23.23,22.67,22.62,23.32,1282300
JWN,2024-07-22,22.78,22.03,21.96,22.87,1978900
JWN,2024-07-23,22.03,21.82,21.79,22.32,1818900
JWN,2024-07-24,21.56,21.1,20.76,21.6,2142700
KEY,2024-07-19,15.55,15.59,15.39,15.79,20292900
KEY,2024-07-22,15.5,15.77,15.23,15.78,18715800
KEY,2024-07-23,15.74,15.86,15.7,16.02,16692700
KEY,2024-07-24,15.93,15.79,15.75,16.13,13944700
KHC,2024-07-19,33.66,33.12,33.0,33.72,6419100
KHC,2024-07-22,33.15,32.82,32.69,33.22,6321200
KHC,2024-07-23,32.85,32.8,32.63,32.97,5618900
KHC,2024-07-24,32.89,33.05,32.56,33.36,8162100
KIM,2024-07-19,21.36,21.24,21.09,21.41,3178600
KIM,2024-07-22,21.25,21.47,21.03,21.47,2714400
KIM,2024-07-23,21.37,21.35,21.3,21.52,3385200
KIM,2024-07-24,21.38,20.9,20.88,21.54,5158900
KLAC,2024-07-19,785.41,762.55,761.38,795.54,918800
KLAC,2024-07-22,788.47,809.51,775.14,811.73,967800
KLAC,2024-07-23,794.02,807.66,794.02,813.5,960700
KLAC,2024-07-24,797.3,755.77,751.9,798.74,2430100
KMB,2024-07-19,145.08,143.63,143.34,145.23,4086100
KMB,2024-07-22,143.5,144.14,142.79,144.38,2620400
KMB,2024-07-23,139.86,135.88,135.61,140.65,5074500
KMB,2024-07-24,134.77,140.51,134.67,140.57,3581800
KMI,2024-07-19,21.16,21.49,21.1,21.79,26891100
KMI,2024-07-22,21.53,21.85,21.5,21.86,15594800
KMI,2024-07-23,21.81,21.62,21.56,21.81,20814900
KMI,2024-07-24,21.64,21.05,21.05,21.66,20630700
KMX,2024-07-19,82.02,80.01,79.73,82.52,1459600
KMX,2024-07-22,80.5,80.79,78.94,80.89,1181700
KMX,2024-07-23,80.2,80.35,79.33,80.6,1117000
KMX,2024-07-24,80.0,79.9,79.86,82.08,1636300
KORS,2024-07-19,92.74,92.09,90.02,92.93,2235700
KORS,2024-07-22,93.13,93.57,91.4,93.99,2075700
KORS,2024-07-23,92.38,91.48,91.06,93.04,1896500
KORS,2024-07-24,91.0,90.88,90.75,93.17,2100600
KO,2024-07-19,65.64,65.29,64.82,65.64,13775700
KO,2024-07-22,65.25,64.77,64.32,65.29,11794200
KO,2024-07-23,65.43,64.96,64.85,66.04,11810300
KO,2024-07-24,65.09,65.81,64.83,65.97,13244600
KR,2024-07-19,55.0,54.51,54.27,55.0,2775100
KR,2024-07-22,54.65,54.86,54.6,54.97,4315000
KR,2024-07-23,54.84,53.84,53.62,54.85,3028400
KR,2024-07-24,53.94,54.18,53.28,54.29,3841600
KSS,2024-07-19,21.75,21.03,21.0,21.95,4444000
KSS,2024-07-22,21.11,20.6,20.35,21.2,6026400
KSS,2024-07-23,20.56,20.53,20.18,20.73,5021100
KSS,2024-07-24,20.35,19.85,19.85,20.6,5514800
KSU,2024-07-19,333.65,331.29,328.43,333.98,1848700
KSU,2024-07-22,333.23,335.97,332.47,337.09,1733700
KSU,2024-07-23,334.36,333.24,331.31,337.04,1458200
KSU,2024-07-24,333.25,335.61,330.34,337.18,2459300
K,2024-07-19,59.23,57.96,57.79,59.42,1613600
K,2024-07-22,57.82,57.61,57.41,57.92,1656700
K,2024-07-23,57.51,56.61,56.48,57.7,1802600
K,2024-07-24,56.69,57.23,56.37,57.37,1883200
LB,2024-07-19,28.22,28.85,28.22,29.78,207500
LB,2024-07-22,29.59,29.55,28.65,31.0,373900
LB,2024-07-23,28.26,28.22,28.1,29.57,307100
LB,2024-07-24,28.22,29.49,28.1,29.95,235200
LEG,2024-07-19,12.71,12.66,12.43,12.82,1378800
LEG,2024-07-22,12.7,12.89,12.45,12.92,1216300
LEG,2024-07-23,12.77,12.49,12.44,12.82,2295700
LEG,2024-07-24,12.43,12.35,12.27,12.65,1381800
LEN,2024-07-19,169.73,170.94,167.96,172.32,1823000
LEN,2024-07-22,169.95,172.5,167.01,172.6,2344900
LEN,2024-07-23,171.5,172.65,169.86,174.57,1862600
LEN,2024-07-24,172.07,168.79,168.71,173.41,3003600
LH,2024-07-19,216.32,211.37,210.27,216.32,585800
LH,2024-07-22,211.99,214.34,211.45,216.53,594100
LH,2024-07-23,214.68,207.09,205.98,214.68,725500
LH,2024-07-24,208.44,209.49,208.0,211.72,509000
LKQ,2024-07-19,45.38,45.09,44.77,45.41,1605700
LKQ,2024-07-22,45.09,45.12,44.24,45.28,1456200
LKQ,2024-07-23,45.16,45.4,45.04,45.7,2121200
LKQ,2024-07-24,45.23,44.48,44.34,45.52,1930100
LLL,2024-07-19,17.85,17.67,17.6,17.92,1252700
LLL,2024-07-22,17.76,17.94,17.41,17.98,1259800
LLL,2024-07-23,17.86,18.2,17.86,18.35,1138600
LLL,2024-07-24,18.0,17.43,17.39,18.1,969200
LLY,2024-07-19,867.66,857.47,853.0,880.21,3782200
LLY,2024-07-22,864.8,865.97,856.82,874.42,2904500
LLY,2024-07-23,870.0,878.29,864.08,887.72,2087700
LLY,2024-07-24,872.5,859.88,854.27,878.34,2726100
LMT,2024-07-19,479.54,474.92,472.81,479.54,889400
LMT,2024-07-22,475.0,474.59,472.85,476.13,881600
LMT,2024-07-23,488.84,501.29,482.86,501.77,2579100
LMT,2024-07-24,505.0,515.2,501.41,519.59,2580100
LNC,2024-07-19,32.09,31.91,31.76,32.23,1058200
LNC,2024-07-22,32.0,32.31,31.82,32.42,886100
LNC,2024-07-23,32.19,32.64,32.1,32.78,817100
LNC,2024-07-24,32.5,31.93,31.92,32.77,782500
LNT,2024-07-19,55.13,54.84,54.56,55.28,1790600
LNT,2024-07-22,54.96,55.0,54.81,55.36,1185300
LNT,2024-07-23,55.0,54.65,54.61,55.12,1089600
LNT,2024-07-24,54.9,55.66,54.82,55.84,1128900
LOW,2024-07-19,238.24,237.37,236.7,239.87,2739300
LOW,2024-07-22,238.29,239.11,235.43,240.24,2308500
LOW,2024-07-23,239.93,237.16,236.37,240.81,2211000
LOW,2024-07-24,236.49,231.67,231.45,239.09,2756800
LRCX,2024-07-19,959.54,917.11,915.5,967.0,1410300
LRCX,2024-07-22,942.0,977.06,930.78,981.23,1331900
LRCX,2024-07-23,963.76,959.69,956.01,977.28,671000
LRCX,2024-07-24,950.0,909.87,908.79,952.24,1315900
LUK,2024-07-19,315.41,314.54,312.61,317.11,330400
LUK,2024-07-22,315.89,318.64,315.89,320.48,471000
LUK,2024-07-23,317.57,320.08,317.15,324.56,263100
LUK,2024-07-24,319.44,310.55,309.42,319.44,404000
LUV,2024-07-19,27.42,27.18,26.7,27.48,6706900
LUV,2024-07-22,27.01,27.66,26.81,27.73,6579300
LUV,2024-07-23,27.75,27.18,26.85,27.8,10145000
LUV,2024-07-24,27.17,26.61,26.48,27.25,9815300
LYB,2024-07-19,98.21,97.0,96.37,98.49,1344400
LYB,2024-07-22,97.0,97.47,96.28,97.94,1124700
LYB,2024-07-23,97.0,96.08,95.61,97.24,1309700
LYB,2024-07-24,96.38,95.28,95.26,96.84,915800
L,2024-07-19,79.68,78.06,77.69,79.68,621100
L,2024-07-22,77.97,78.08,77.51,78.56,327100
L,2024-07-23,78.18,78.35,78.09,78.59,428400
L,2024-07-24,78.5,77.92,77.82,78.6,570300
MAA,2024-07-19,145.5,143.7,142.78,145.5,442100
MAA,2024-07-22,143.82,145.03,143.17,145.47,497600
MAA,2024-07-23,144.73,143.71,143.48,145.73,577900
MAA,2024-07-24,143.71,143.41,142.74,144.64,472300
MAC,2024-07-19,16.21,16.1,15.87,16.26,1538300
MAC,2024-07-22,16.04,16.46,15.93,16.54,1164800
MAC,2024-07-23,16.35,16.66,16.2,16.7,1751000
MAC,2024-07-24,16.55,15.86,15.82,16.7,1435200
MAR,2024-07-19,245.0,243.91,242.65,245.72,1342500
MAR,2024-07-22,243.61,242.94,241.15,244.0,1212700
MAR,2024-07-23,242.66,242.31,241.97,245.6,730900
MAR,2024-07-24,241.24,235.04,234.9,241.61,1762500
MAS,2024-07-19,73.62,72.73,72.57,73.94,4060200
MAS,2024-07-22,72.65,72.84,71.6,73.26,1434000
MAS,2024-07-23,71.87,71.27,70.97,72.37,3242300
MAS,2024-07-24,71.09,70.58,70.28,71.88,2540600
MAT,2024-07-19,16.48,16.23,16.22,16.52,1980000
MAT,2024-07-22,16.26,18.68,16.01,19.53,34912200
MAT,2024-07-23,18.51,17.24,17.07,18.55,9929600
MAT,2024-07-24,17.7,18.93,17.59,19.16,10195800
MA,2024-07-19,451.22,443.69,443.57,451.24,2121700
MA,2024-07-22,445.41,447.94,443.25,448.85,2111700
MA,2024-07-23,448.05,441.72,441.11,448.74,2385500
MA,2024-07-24,434.0,432.45,428.86,435.86,3764800
MCD,2024-07-19,260.39,257.28,255.03,260.44,3470600
MCD,2024-07-22,258.3,259.54,256.4,259.79,2759500
MCD,2024-07-23,259.68,254.05,253.51,260.14,2653100
MCD,2024-07-24,246.32,253.37,246.12,254.33,5983300
MCHP,2024-07-19,91.65,88.77,88.68,91.78,5818700
MCHP,2024-07-22,91.17,93.12,89.82,93.23,6739900
MCHP,2024-07-23,91.77,89.71,89.6,91.77,6748300
MCHP,2024-07-24,89.72,86.57,86.45,89.9,7969600
MCK,2024-07-19,586.56,580.13,578.1,587.96,562000
MCK,2024-07-22,580.23,583.0,579.95,584.93,461600
MCK,2024-07-23,586.39,585.74,583.91,592.5,568400
MCK,2024-07-24,588.53,589.99,583.62,591.4,691600
MCO,2024-07-19,451.38,442.14,441.53,451.38,1314800
MCO,2024-07-22,445.65,450.36,443.52,450.37,1222800
MCO,2024-07-23,450.23,451.89,440.0,457.67,1449600
MCO,2024-07-24,451.0,433.81,431.01,452.59,1281900
MDLZ,2024-07-19,67.02,66.45,66.14,67.25,5012600
MDLZ,2024-07-22,67.16,66.54,66.09,67.26,4325800
MDLZ,2024-07-23,66.37,66.01,65.84,66.64,3431100
MDLZ,2024-07-24,66.07,66.4,65.37,66.65,5401400
MDT,2024-07-19,81.58,79.48,79.41,81.67,9292800
MDT,2024-07-22,79.55,79.3,79.08,80.08,5904400
MDT,2024-07-23,79.45,79.4,78.81,79.66,5022800
MDT,2024-07-24,79.58,79.97,78.93,80.36,5658500
MET,2024-07-19,75.74,74.78,74.51,75.74,2138800
MET,2024-07-22,75.07,75.24,74.34,75.33,3365600
MET,2024-07-23,75.05,75.19,74.94,75.43,2071200
MET,2024-07-24,75.28,74.52,74.47,75.78,2685000
MGM,2024-07-19,45.3,45.37,44.71,45.56,2144700
MGM,2024-07-22,45.4,43.77,43.6,45.54,4020100
MGM,2024-07-23,43.66,43.78,43.3,43.8,3543100
MGM,2024-07-24,43.32,42.44,42.39,43.78,3309600
MHK,2024-07-19,130.97,129.04,128.55,131.87,573700
MHK,2024-07-22,128.97,127.32,125.62,129.44,1078900
MHK,2024-07-23,126.06,128.06,125.33,128.38,801300
MHK,2024-07-24,127.65,127.18,126.74,129.47,655400
MKC,2024-07-19,74.27,73.59,73.08,74.64,1616600
MKC,2024-07-22,73.71,73.43,72.57,73.78,1228400
MKC,2024-07-23,73.32,73.94,73.07,74.34,1353300
MKC,2024-07-24,73.86,74.23,72.98,74.41,2182400
MLM,2024-07-19,566.04,559.08,555.51,566.59,894300
MLM,2024-07-22,562.01,567.74,560.63,569.91,506600
MLM,2024-07-23,566.64,565.07,564.49,571.24,433200
MLM,2024-07-24,561.62,537.83,537.57,563.69,615900
MMC,2024-07-19,218.67,215.94,215.47,220.12,2485900
MMC,2024-07-22,217.81,218.21,217.28,219.34,1852800
MMC,2024-07-23,219.0,218.22,218.17,220.76,1390400
MMC,2024-07-24,218.76,216.66,216.37,219.72,1759600
MMM,2024-07-19,104.75,103.92,103.13,104.75,2884900
MMM,2024-07-22,104.06,104.97,102.4,105.04,2686600
MMM,2024-07-23,105.0,104.73,104.17,105.27,2172600
MMM,2024-07-24,104.56,103.25,103.08,105.1,3252000
MNST,2024-07-19,51.09,50.89,50.48,51.18,4851000
MNST,2024-07-22,50.82,50.36,49.63,50.91,5654600
MNST,2024-07-23,50.48,50.31,50.2,50.78,6159700
MNST,2024-07-24,50.26,49.59,49.38,50.45,7109700
MON,2024-07-19,153.94,153.45,152.67,154.25,993100
MON,2024-07-22,153.71,157.74,153.48,157.95,1708700
MON,2024-07-23,157.0,156.82,155.9,158.5,1764900
MON,2024-07-24,156.96,149.89,149.67,157.0,1905900
MOS,2024-07-19,29.9,29.64,29.18,29.9,2600500
MOS,2024-07-22,29.79,29.39,29.01,29.85,2242700
MOS,2024-07-23,29.07,28.67,28.64,29.15,2453600
MOS,2024-07-24,28.77,28.56,28.54,29.07,2436000
MO,2024-07-19,49.61,49.45,49.27,49.64,5776500
MO,2024-07-22,49.41,49.4,49.04,49.56,5103200
MO,2024-07-23,49.49,49.12,49.0,49.73,6919300
MO,2024-07-24,49.19,49.42,48.71,49.54,8777200
MPC,2024-07-19,165.64,165.16,164.01,166.88,3037100
MPC,2024-07-22,165.1,165.9,164.12,167.69,2620900
MPC,2024-07-23,165.9,163.97,163.55,166.31,2018200
MPC,2024-07-24,164.05,167.55,163.72,167.73,2534900
MRK,2024-07-19,125.3,125.77,125.18,126.99,6848800
MRK,2024-07-22,125.95,125.69,125.03,126.49,4341800
MRK,2024-07-23,124.99,124.38,124.18,125.62,4285400
MRK,2024-07-24,124.97,125.92,124.68,126.17,6338500
MRO,2024-07-19,29.33,28.72,28.71,29.37,3845400
MRO,2024-07-22,28.69,28.28,28.2,28.69,3777000
MRO,2024-07-23,28.12,27.84,27.69,28.17,3739600
MRO,2024-07-24,28.03,27.86,27.77,28.24,4783500
MSFT,2024-07-19,433.1,437.11,432.0,441.14,20940400
MSFT,2024-07-22,441.79,442.94,438.91,444.6,15808800
MSFT,2024-07-23,443.9,444.85,443.1,448.39,13107100
MSFT,2024-07-24,440.45,428.9,427.59,441.48,26805800
MSI,2024-07-19,396.85,390.19,388.77,396.85,809300
MSI,2024-07-22,392.27,396.15,390.77,396.28,596500
MSI,2024-07-23,396.32,396.55,395.81,399.62,444700
MSI,2024-07-24,395.05,390.6,389.51,395.36,541700
MS,2024-07-19,104.71,102.09,101.73,104.72,12555900
MS,2024-07-22,102.47,102.44,101.95,103.23,8931200
MS,2024-07-23,102.45,103.5,102.18,104.17,7400600
MS,2024-07-24,102.86,101.97,101.75,104.0,7967400
MTB,2024-07-19,168.41,165.25,163.56,169.54,1260900
MTB,2024-07-22,166.5,170.87,163.1,171.27,1319600
MTB,2024-07-23,172.0,172.17,170.01,173.93,1632900
MTB,2024-07-24,172.16,171.68,170.18,174.14,1303800
MTD,2024-07-19,1375.07,1344.26,1340.44,1375.07,80300
MTD,2024-07-22,1353.4,1372.62,1347.21,1374.76,109700
MTD,2024-07-23,1409.91,1361.6,1359.36,1410.08,100300
MTD,2024-07-24,1362.19,1384.56,1362.19,1405.46,139000
MU,2024-07-19,116.69,114.26,113.85,117.21,18038900
MU,2024-07-22,115.36,115.28,113.64,115.58,23837800
MU,2024-07-23,115.13,114.25,113.83,116.34,14707700
MU,2024-07-24,111.47,110.28,110.0,114.04,25261000
MYL,2024-07-19,32.5,32.62,32.13,32.96,2709100
MYL,2024-07-22,32.86,32.65,32.26,32.97,2897300
MYL,2024-07-23,32.31,32.55,32.19,32.7,2042900
MYL,2024-07-24,31.92,31.97,31.7,32.6,2462200
M,2024-07-19,16.46,16.37,16.27,16.65,6350900
M,2024-07-22,16.39,16.55,16.18,16.69,6098300
M,2024-07-23,16.48,16.81,16.44,16.97,5084200
M,2024-07-24,16.67,16.48,16.32,16.7,5444900
NAVI,2024-07-19,15.38,15.4,15.23,15.48,594200
NAVI,2024-07-22,15.37,15.44,15.22,15.52,623300
NAVI,2024-07-23,15.41,15.54,15.32,15.65,894700
NAVI,2024-07-24,14.5,15.69,14.5,15.77,1366500
NBL,2024-07-19,76.9,77.56,76.22,77.69,7913000
NBL,2024-07-22,77.67,78.27,77.47,78.64,6471000
NBL,2024-07-23,78.56,78.59,78.19,79.43,6719000
NBL,2024-07-24,76.6,77.76,75.41,78.09,15546900
NCLH,2024-07-19,19.71,19.66,19.65,20.16,8629000
NCLH,2024-07-22,19.62,19.73,19.31,20.04,8493600
NCLH,2024-07-23,19.75,20.32,19.75,20.65,11523100
NCLH,2024-07-24,20.17,19.22,19.2,20.33,12865100
NDAQ,2024-07-19,62.98,62.51,62.21,63.02,1506200
NDAQ,2024-07-22,63.1,63.03,62.56,63.25,1833200
NDAQ,2024-07-23,63.38,63.13,62.84,63.45,2275100
NDAQ,2024-07-24,63.36,62.73,62.43,63.39,2988900
NEE,2024-07-19,71.92,72.0,71.44,72.36,7752100
NEE,2024-07-22,72.95,72.9,72.76,74.15,9034700
NEE,2024-07-23,72.43,72.11,71.91,73.02,7027500
NEE,2024-07-24,72.73,75.41,72.29,75.75,17813700
NEM,2024-07-19,46.57,47.0,45.72,47.36,6268700
NEM,2024-07-22,46.8,47.29,46.61,47.34,5091600
NEM,2024-07-23,47.27,47.07,46.73,47.43,5870000
NEM,2024-07-24,47.47,47.7,47.18,48.32,11682600
NFLX,2024-07-19,660.64,633.34,629.12,678.97,9815600
NFLX,2024-07-22,639.5,647.5,632.6,656.29,5219100
NFLX,2024-07-23,647.5,642.76,641.0,649.91,2463600
NFLX,2024-07-24,635.74,635.99,632.67,652.42,4888200
NFX,2024-07-19,31.84,31.76,31.29,32.0,4457200
NFX,2024-07-22,31.63,31.27,31.08,31.78,4602800
NFX,2024-07-23,31.07,30.69,30.62,31.16,3814300
NFX,2024-07-24,30.95,30.28,30.18,31.09,3846800
NI,2024-07-19,30.71,30.49,30.22,30.71,2920400
NI,2024-07-22,30.53,30.8,30.49,30.88,2322000
NI,2024-07-23,30.81,30.56,30.52,30.81,5755700
NI,2024-07-24,30.86,31.01,30.61,31.12,3496000
NKE,2024-07-19,72.3,72.7,71.85,72.82,11913300
NKE,2024-07-22,73.12,74.86,73.07,75.34,19385500
NKE,2024-07-23,74.63,73.4,73.24,75.04,11041800
NKE,2024-07-24,73.25,71.09,71.08,73.39,18563300
NLSN,2024-07-19,48.2,47.68,47.57,48.66,412000
NLSN,2024-07-22,47.95,48.16,47.39,48.25,269600
NLSN,2024-07-23,47.91,48.66,47.77,48.67,350400
NLSN,2024-07-24,48.52,47.66,47.64,49.16,298400
NOC,2024-07-19,442.55,437.94,434.8,442.55,720000
NOC,2024-07-22,437.6,438.1,435.11,438.87,790700
NOC,2024-07-23,439.44,442.3,437.0,443.64,681200
NOC,2024-07-24,444.44,442.12,437.02,445.95,1301000
NOV,2024-07-19,19.11,18.97,18.76,19.27,2721500
NOV,2024-07-22,18.9,18.79,18.6,18.97,1935900
NOV,2024-07-23,18.65,18.64,18.51,18.82,1938300
NOV,2024-07-24,18.66,18.25,18.23,18.73,1919200
NRG,2024-07-19,74.01,74.91,73.61,75.37,3455900
NRG,2024-07-22,75.36,76.85,75.23,77.12,1704100
NRG,2024-07-23,76.54,76.61,76.06,77.46,3089300
NRG,2024-07-24,76.12,74.19,74.04,76.76,2495900
NSC,2024-07-19,231.94,227.95,226.39,231.94,1205000
NSC,2024-07-22,229.2,228.03,225.23,230.48,897800
NSC,2024-07-23,226.83,224.28,223.91,227.49,840000
NSC,2024-07-24,224.26,221.34,220.12,224.58,1539900
NTAP,2024-07-19,126.45,126.22,125.8,126.91,1220400
NTAP,2024-07-22,127.5,128.34,127.16,128.89,1129800
NTAP,2024-07-23,128.27,129.2,127.76,129.34,1045700
NTAP,2024-07-24,128.64,125.7,125.47,129.04,1530000
NTRS,2024-07-19,86.47,85.49,85.18,86.81,1461400
NTRS,2024-07-22,85.72,87.14,85.14,87.2,1174300
NTRS,2024-07-23,86.99,86.45,86.32,87.89,1307400
NTRS,2024-07-24,86.17,86.45,85.93,87.97,996600
NUE,2024-07-19,165.9,162.5,162.29,166.05,1564500
NUE,2024-07-22,162.3,163.34,160.68,163.5,1434700
NUE,2024-07-23,160.5,161.55,158.92,164.9,2212900
NUE,2024-07-24,160.99,154.79,154.7,161.38,2553600
NVDA,2024-07-19,120.35,117.93,117.37,121.6,217223800
NVDA,2024-07-22,120.35,123.54,119.86,124.07,258068900
NVDA,2024-07-23,122.78,122.59,122.1,124.69,173911000
NVDA,2024-07-24,119.17,114.25,113.44,119.95,327776900
NWL,2024-07-19,6.49,6.41,6.27,6.54,3849100
NWL,2024-07-22,6.4,6.42,6.17,6.43,4008500
NWL,2024-07-23,6.37,6.31,6.28,6.45,3449200
NWL,2024-07-24,6.31,6.3,6.26,6.46,5305200
NWSA,2024-07-19,27.77,27.37,27.25,27.85,3194900
NWSA,2024-07-22,27.5,27.73,27.21,27.87,2333600
NWSA,2024-07-23,27.69,28.1,27.58,28.2,2269500
NWSA,2024-07-24,28.03,27.31,27.29,28.03,1793800
NWS,2024-07-19,28.77,28.19,28.14,28.77,529500
NWS,2024-07-22,28.28,28.64,28.14,28.77,657500
NWS,2024-07-23,28.63,29.06,28.5,29.11,399400
NWS,2024-07-24,29.03,28.21,28.2,29.03,442800
OKE,2024-07-19,83.6,83.47,83.3,84.77,3093300
OKE,2024-07-22,83.47,84.43,83.02,84.49,2979500
OKE,2024-07-23,84.15,83.23,83.05,84.6,2327100
OKE,2024-07-24,83.23,82.16,82.1,83.42,2372500
OMC,2024-07-19,92.66,91.0,90.48,92.66,1654500
OMC,2024-07-22,91.02,91.75,89.78,92.13,1727100
OMC,2024-07-23,91.6,92.27,91.12,92.54,1328200
OMC,2024-07-24,92.43,90.75,90.29,92.43,1422800
ORCL,2024-07-19,138.35,138.56,138.08,140.44,6111900
ORCL,2024-07-22,139.74,140.17,139.12,140.68,5387200
ORCL,2024-07-23,141.3,143.11,141.21,143.22,6697400
ORCL,2024-07-24,141.7,138.77,138.4,142.66,8018800
ORLY,2024-07-19,1029.64,1042.86,1028.44,1046.72,392800
ORLY,2024-07-22,1049.0,1057.1,1049.0,1064.55,432000
ORLY,2024-07-23,1050.61,1049.01,1046.75,1061.96,328100
ORLY,2024-07-24,1051.08,1050.71,1040.0,1061.59,558800
OXY,2024-07-19,63.56,63.13,62.35,64.04,10018700
OXY,2024-07-22,62.53,61.21,61.13,62.55,9944100
OXY,2024-07-23,61.23,60.41,59.97,61.23,8853100
OXY,2024-07-24,60.63,60.07,59.91,60.88,5568200
O,2024-07-19,57.67,57.58,57.19,57.78,3722300
O,2024-07-22,57.41,57.56,56.95,57.66,4000800
O,2024-07-23,57.26,57.49,57.13,57.82,3275400
O,2024-07-24,57.49,57.26,57.14,57.94,4860000
PAYX,2024-07-19,124.48,122.68,122.31,124.89,1822200
PAYX,2024-07-22,123.07,122.98,121.33,123.64,1586000
PAYX,2024-07-23,122.38,123.71,122.13,124.23,1809400
PAYX,2024-07-24,124.0,123.24,122.68,124.09,2784300
PBCT,2024-07-19,96.36,95.03,94.29,96.36,1614800
PBCT,2024-07-22,95.47,95.42,94.99,96.7,1534700
PBCT,2024-07-23,95.67,95.84,94.85,96.17,1169300
PBCT,2024-07-24,96.19,96.71,95.13,96.85,1693400
PCAR,2024-07-19,109.94,107.81,107.64,109.94,4135800
PCAR,2024-07-22,108.4,109.06,106.63,109.19,2868300
PCAR,2024-07-23,98.62,97.1,95.52,102.56,7686800
PCAR,2024-07-24,96.11,98.9,93.85,99.07,7612500
PCG,2024-07-19,17.95,18.0,17.8,18.04,9903200
PCG,2024-07-22,18.09,18.25,18.07,18.29,8842500
PCG,2024-07-23,18.21,18.16,18.02,18.25,5744900
PCG,2024-07-24,18.34,18.25,18.22,18.4,10874800
PCLN,2024-07-19,60.59,59.73,59.11,60.59,1418500
PCLN,2024-07-22,59.64,59.51,59.0,59.84,1166200
PCLN,2024-07-23,59.51,59.23,58.89,59.56,818500
PCLN,2024-07-24,59.23,59.38,58.66,59.42,1565900
PDCO,2024-07-19,25.84,25.05,25.02,25.84,706300
PDCO,2024-07-22,25.24,24.99,24.78,25.33,653000
PDCO,2024-07-23,24.95,24.99,24.59,25.11,683800
PDCO,2024-07-24,25.03,25.17,24.82,25.35,694700
PEG,2024-07-19,74.47,74.64,73.77,74.67,2242400
PEG,2024-07-22,74.69,75.82,74.69,75.96,1696700
PEG,2024-07-23,75.82,75.59,74.96,76.08,2136500
PEG,2024-07-24,75.99,75.95,75.31,76.6,2485000
PEP,2024-07-19,170.28,169.36,168.47,170.49,5332800
PEP,2024-07-22,169.26,167.66,167.35,169.71,5308400
PEP,2024-07-23,167.79,166.28,166.18,168.36,3344300
PEP,2024-07-24,166.28,168.17,164.95,168.67,5867000
PFE,2024-07-19,29.94,29.97,29.55,30.0,30021200
PFE,2024-07-22,30.11,29.6,29.38,30.23,46483200
PFE,2024-07-23,29.62,29.5,29.33,29.64,25528300
PFE,2024-07-24,29.51,29.98,29.31,29.99,29579400
PFG,2024-07-19,85.62,84.71,84.51,85.62,1199900
PFG,2024-07-22,84.87,85.34,84.28,85.38,929600
PFG,2024-07-23,85.11,84.97,84.87,85.63,749000
PFG,2024-07-24,84.88,83.73,83.61,85.6,1063900
PGR,2024-07-19,224.5,219.35,218.72,224.79,3207500
PGR,2024-07-22,214.01,216.3,213.17,218.62,2945700
PGR,2024-07-23,216.31,215.9,214.71,216.45,3085000
PGR,2024-07-24,216.55,215.44,214.87,217.43,2312600
PG,2024-07-19,167.97,167.96,167.13,169.04,6597100
PG,2024-07-22,167.93,168.25,167.7,168.7,6383000
PG,2024-07-23,168.11,166.62,166.32,168.42,4863400
PG,2024-07-24,166.32,168.0,165.58,168.28,5907000
PHM,2024-07-19,124.6,124.76,123.58,126.31,2098800
PHM,2024-07-22,124.28,125.64,122.8,125.67,2564600
PHM,2024-07-23,120.71,125.67,120.0,126.96,3585300
PHM,2024-07-24,125.32,122.56,122.42,125.88,2765700
PH,2024-07-19,550.62,544.65,541.88,550.62,600500
PH,2024-07-22,551.95,552.12,542.95,553.57,517300
PH,2024-07-23,551.17,551.66,550.32,559.3,789400
PH,2024-07-24,546.77,529.26,528.98,549.26,1113800
PKG,2024-07-19,193.44,191.21,190.96,193.44,802300
PKG,2024-07-22,191.52,193.44,191.52,194.41,600400
PKG,2024-07-23,193.93,192.82,191.79,194.11,872600
PKG,2024-07-24,195.02,193.28,192.67,199.0,941500
PKI,2024-07-19,1259.27,1238.07,1234.33,1259.27,168100
PKI,2024-07-22,1245.76,1255.85,1237.18,1259.36,200900
PKI,2024-07-23,1262.13,1287.13,1259.04,1296.38,204000
PKI,2024-07-24,1274.93,1245.48,1241.17,1274.93,171200
PLD,2024-07-19,122.96,123.75,121.63,123.78,3485200
PLD,2024-07-22,124.65,126.66,123.55,127.25,6266100
PLD,2024-07-23,125.96,125.68,124.6,126.59,3708200
PLD,2024-07-24,125.41,123.08,122.85,126.95,4082500
PM,2024-07-19,108.19,107.12,106.97,108.58,4819200
PM,2024-07-22,107.63,107.22,106.76,107.72,5601100
PM,2024-07-23,109.25,109.56,108.0,111.36,7560300
PM,2024-07-24,109.93,111.44,109.37,111.69,7366100
PNC,2024-07-19,176.67,175.51,174.2,177.93,1601100
PNC,2024-07-22,175.19,177.15,173.01,177.23,1995200
PNC,2024-07-23,176.51,178.62,175.71,179.6,1401200
PNC,2024-07-24,179.49,177.4,176.46,180.65,2710400
PNR,2024-07-19,79.15,78.84,78.15,79.62,2174500
PNR,2024-07-22,79.71,79.99,78.13,80.04,2318600
PNR,2024-07-23,86.14,87.19,84.94,87.74,4465200
PNR,2024-07-24,87.53,83.8,83.54,88.47,4271300
PNW,2024-07-19,82.4,82.17,81.27,82.41,695900
PNW,2024-07-22,82.17,82.47,81.82,82.55,639500
PNW,2024-07-23,82.89,82.56,82.3,82.89,664500
PNW,2024-07-24,82.51,83.51,82.47,84.06,797900
PPG,2024-07-19,127.5,128.04,126.41,129.07,4342400
PPG,2024-07-22,128.7,128.37,126.9,129.43,1608300
PPG,2024-07-23,128.43,126.72,126.54,128.63,1624700
PPG,2024-07-24,127.0,125.24,125.13,127.29,1639500
PPL,2024-07-19,28.86,28.62,28.49,28.86,4314300
PPL,2024-07-22,28.68,29.0,28.62,29.07,3707500
PPL,2024-07-23,29.01,28.77,28.75,29.06,3350500
PPL,2024-07-24,29.0,29.17,28.9,29.29,4035400
PRGO,2024-07-19,27.55,28.0,27.24,28.1,1660300
PRGO,2024-07-22,27.93,27.75,27.24,27.95,995500
PRGO,2024-07-23,27.79,27.91,27.37,28.16,994500
PRGO,2024-07-24,27.96,27.94,27.6,28.02,1328300
PRU,2024-07-19,125.43,123.76,123.58,125.46,1427300
PRU,2024-07-22,123.82,124.61,123.35,124.84,1233100
PRU,2024-07-23,124.17,124.43,123.83,125.01,1087000
PRU,2024-07-24,124.21,123.38,123.21,125.08,966600
PSA,2024-07-19,304.85,301.65,301.02,305.83,494400
PSA,2024-07-22,302.46,304.42,297.47,305.67,557600
PSA,2024-07-23,303.97,301.97,301.31,305.26,969400
PSA,2024-07-24,302.34,295.55,295.46,303.3,704400
PSX,2024-07-19,138.61,138.47,136.46,139.27,1787000
PSX,2024-07-22,138.02,140.11,137.33,140.37,1688600
PSX,2024-07-23,139.51,137.07,136.53,139.9,1745900
PSX,2024-07-24,137.5,138.17,136.05,138.72,1857600
PVH,2024-07-19,101.46,100.58,100.35,101.67,871400
PVH,2024-07-22,102.06,101.9,99.35,102.06,995000
PVH,2024-07-23,101.11,101.0,99.97,102.36,772700
PVH,2024-07-24,100.61,97.9,97.87,101.08,955700
PWR,2024-07-19,266.83,258.56,257.25,266.83,1122200
PWR,2024-07-22,261.94,267.71,260.91,267.81,796900
PWR,2024-07-23,267.5,264.46,262.85,270.2,958300
PWR,2024-07-24,261.11,251.92,250.74,262.21,841900
PXD,2024-07-19,50.27,50.42,48.71,51.0,8603400
PXD,2024-07-22,49.61,51.11,49.37,51.21,3165600
PXD,2024-07-23,50.59,52.09,50.59,52.39,2206600
PXD,2024-07-24,52.14,51.28,51.28,52.91,1773200
PX,2024-07-19,9.82,9.74,9.66,9.96,547700
PX,2024-07-22,9.72,9.82,9.6,9.87,322100
PX,2024-07-23,9.82,9.92,9.77,10.01,407300
PX,2024-07-24,9.92,9.78,9.78,10.15,877800
PYPL,2024-07-19,59.81,59.33,58.75,59.83,9352900
PYPL,2024-07-22,59.9,60.77,59.52,60.79,7489500
PYPL,2024-07-23,60.72,59.71,59.69,60.95,7572000
PYPL,2024-07-24,59.55,58.07,57.98,59.66,11801700
QCOM,2024-07-19,191.69,186.21,185.76,193.09,9195700
QCOM,2024-07-22,191.0,194.97,189.05,195.5,7590000
QCOM,2024-07-23,194.2,193.35,192.15,196.24,5796700
QCOM,2024-07-24,189.34,181.07,180.69,189.61,13295300
QRVO,2024-07-19,124.36,121.8,121.12,124.39,1178200
QRVO,2024-07-22,124.88,125.49,122.76,125.88,1145800
QRVO,2024-07-23,124.31,125.14,123.98,125.3,865700
QRVO,2024-07-24,124.26,120.04,119.85,125.24,1682600
RCL,2024-07-19,165.97,168.29,165.93,169.0,1505600
RCL,2024-07-22,167.24,168.53,165.5,169.52,2016100
RCL,2024-07-23,168.24,170.73,168.13,173.37,2160100
RCL,2024-07-24,169.59,164.51,163.87,171.0,2383500
REGN,2024-07-19,1072.19,1063.6,1060.74,1076.73,452200
REGN,2024-07-22,1075.35,1069.74,1064.95,1078.71,299500
REGN,2024-07-23,1077.8,1055.57,1055.34,1077.8,312000
REGN,2024-07-24,1056.0,1060.86,1052.81,1066.43,452500
REG,2024-07-19,66.36,66.1,65.79,66.36,565700
REG,2024-07-22,66.12,66.82,65.5,66.86,601600
REG,2024-07-23,66.89,66.42,66.35,66.98,976800
REG,2024-07-24,66.44,64.79,64.6,66.65,1376100
RE,2024-07-19,343.67,335.84,335.53,343.67,1169200
RE,2024-07-22,335.76,335.79,334.59,338.08,756300
RE,2024-07-23,336.05,336.17,333.79,337.31,603400
RE,2024-07-24,337.67,342.21,334.93,342.71,1029800
RF,2024-07-19,21.85,22.09,21.18,22.52,18490800
RF,2024-07-22,22.14,22.39,21.82,22.44,12762700
RF,2024-07-23,22.35,22.39,22.2,22.84,11029700
RF,2024-07-24,22.39,22.11,22.06,22.62,8384600
RHI,2024-07-19,66.54,65.91,65.52,66.57,1159900
RHI,2024-07-22,66.21,65.94,64.87,66.26,989800
RHI,2024-07-23,65.75,64.92,64.84,65.89,1200000
RHI,2024-07-24,64.84,64.82,64.58,65.58,1083600
RHT,2024-07-19,36.98,37.93,36.58,38.18,3102500
RHT,2024-07-22,37.49,38.73,37.27,38.88,2292500
RHT,2024-07-23,39.11,38.06,37.93,39.27,3856800
RHT,2024-07-24,38.07,37.84,37.76,38.82,1739800
RJF,2024-07-19,111.0,108.62,108.35,111.4,3376500
RJF,2024-07-22,109.24,109.98,108.57,110.26,1836500
RJF,2024-07-23,109.81,111.81,109.0,112.16,2351900
RJF,2024-07-24,112.16,112.22,111.23,114.24,2426500
RL,2024-07-19,167.14,165.31,165.0,168.36,812100
RL,2024-07-22,166.64,168.21,163.45,168.36,585500
RL,2024-07-23,167.49,167.01,166.55,170.04,395300
RL,2024-07-24,166.68,163.91,163.22,167.75,576400
RMD,2024-07-19,206.94,203.15,202.76,207.62,715000
RMD,2024-07-22,204.37,207.28,203.48,207.58,664500
RMD,2024-07-23,207.74,209.53,205.91,209.8,391700
RMD,2024-07-24,208.35,206.2,206.12,210.76,653200
ROK,2024-07-19,274.09,269.76,267.56,275.53,764400
ROK,2024-07-22,272.29,275.73,268.71,276.01,558200
ROK,2024-07-23,275.34,272.15,271.5,277.35,488100
ROK,2024-07-24,270.1,263.07,262.66,272.87,698400
ROP,2024-07-19,572.75,567.31,564.35,575.0,459200
ROP,2024-07-22,570.82,576.55,570.25,577.23,505300
ROP,2024-07-23,577.5,574.27,573.48,579.1,430800
ROP,2024-07-24,546.0,531.97,520.44,546.0,2064400
ROST,2024-07-19,145.0,143.5,142.81,145.39,3550700
ROST,2024-07-22,144.32,144.92,143.45,145.01,1957400
ROST,2024-07-23,144.92,143.78,143.24,145.26,1906400
ROST,2024-07-24,143.58,142.09,141.79,143.75,1939800
RRC,2024-07-19,32.52,32.82,32.27,32.88,1955300
RRC,2024-07-22,33.08,33.62,32.98,33.63,2468300
RRC,2024-07-23,33.43,33.09,33.02,33.67,2908200
RRC,2024-07-24,34.0,31.79,31.75,34.33,4844500
RSG,2024-07-19,206.06,203.46,203.15,206.06,1141900
RSG,2024-07-22,204.06,205.08,203.07,205.17,590400
RSG,2024-07-23,204.17,199.04,198.24,204.32,2081100
RSG,2024-07-24,198.29,199.67,197.81,200.69,1952000
RTN,2024-07-19,177.54,174.38,174.03,177.54,1239500
RTN,2024-07-22,175.5,174.83,174.01,175.71,960700
RTN,2024-07-23,174.51,173.6,173.39,175.89,903500
RTN,2024-07-24,174.62,172.34,172.25,176.44,1232700
SBAC,2024-07-19,211.64,209.0,208.15,212.07,768500
SBAC,2024-07-22,209.89,208.82,207.64,211.02,477800
SBAC,2024-07-23,208.64,207.33,206.9,209.97,533700
SBAC,2024-07-24,208.65,205.45,204.57,209.32,678100
SBUX,2024-07-19,74.66,79.27,74.19,79.38,32965900
SBUX,2024-07-22,78.33,76.55,76.01,78.47,18851500
SBUX,2024-07-23,77.14,76.26,76.03,77.14,9592100
SBUX,2024-07-24,76.37,74.68,74.02,76.49,10478200
SCG,2024-07-19,51.82,51.41,50.96,51.82,2680000
SCG,2024-07-22,51.58,51.8,51.32,51.92,2509100
SCG,2024-07-23,51.64,50.72,50.68,51.74,4193500
SCG,2024-07-24,51.23,52.13,50.67,52.3,4168800
SCHW,2024-07-19,62.67,62.08,61.32,62.78,14768600
SCHW,2024-07-22,62.94,64.75,62.87,64.89,16727200
SCHW,2024-07-23,64.64,65.14,64.64,66.37,14758600
SCHW,2024-07-24,65.31,64.08,64.0,66.39,11836500
SEE,2024-07-19,35.16,35.27,34.43,36.04,1671300
SEE,2024-07-22,35.51,36.06,34.87,36.07,1406400
SEE,2024-07-23,36.1,35.92,35.77,36.42,853800
SEE,2024-07-24,35.99,35.85,35.62,36.41,776500
SHW,2024-07-19,324.8,321.85,320.9,325.06,1537700
SHW,2024-07-22,322.34,322.35,318.01,323.33,2350500
SHW,2024-07-23,339.0,344.5,331.74,345.55,4163100
SHW,2024-07-24,344.16,332.02,331.69,344.6,1919900
SIG,2024-07-19,85.76,84.29,83.25,86.11,902000
SIG,2024-07-22,84.82,85.27,81.38,85.33,1437700
SIG,2024-07-23,84.92,85.02,83.72,86.29,722300
SIG,2024-07-24,84.32,82.03,81.63,85.5,769600
SJM,2024-07-19,120.62,117.99,117.44,120.62,1243000
SJM,2024-07-22,117.77,116.23,115.82,118.88,667500
SJM,2024-07-23,115.94,115.1,114.38,116.27,797500
SJM,2024-07-24,115.31,116.78,114.38,117.36,843000
SLB,2024-07-19,49.48,49.67,48.35,50.94,17681000
SLB,2024-07-22,49.34,49.44,49.23,50.52,11212800
SLB,2024-07-23,49.29,49.05,48.66,49.93,10099000
SLB,2024-07-24,49.1,48.03,47.86,49.18,8552900
SLG,2024-07-19,60.45,60.77,60.02,62.2,884300
SLG,2024-07-22,61.09,61.91,59.86,62.01,825200
SLG,2024-07-23,61.55,62.78,61.34,63.62,856500
SLG,2024-07-24,61.98,61.41,61.19,63.16,1070000
SNA,2024-07-19,272.02,270.9,269.14,274.3,421100
SNA,2024-07-22,272.0,274.74,269.26,275.07,300800
SNA,2024-07-23,273.79,274.78,273.28,275.35,260700
SNA,2024-07-24,273.71,270.07,269.34,274.83,273900
SNI,2024-07-19,131.96,131.78,130.29,132.78,1731400
SNI,2024-07-22,133.06,133.42,131.4,133.93,2009400
SNI,2024-07-23,137.61,130.65,130.49,137.66,1640800
SNI,2024-07-24,130.87,134.16,130.18,134.43,2066700
SNPS,2024-07-19,565.71,563.12,558.06,568.45,981700
SNPS,2024-07-22,573.0,587.71,571.44,589.05,1079900
SNPS,2024-07-23,581.37,588.33,581.37,593.98,708900
SNPS,2024-07-24,576.02,553.33,551.12,583.1,1033200
SO,2024-07-19,81.83,81.4,81.04,81.83,2729800
SO,2024-07-22,81.48,81.85,81.33,82.17,3619900
SO,2024-07-23,81.74,81.35,81.29,81.82,2188300
SO,2024-07-24,82.05,82.67,81.51,82.69,4190600
SPGI,2024-07-19,485.38,479.84,478.98,485.54,1094400
SPGI,2024-07-22,484.93,487.32,481.98,487.98,1094700
SPGI,2024-07-23,487.86,495.56,487.1,498.15,1024000
SPGI,2024-07-24,494.9,481.66,480.21,496.58,1091200
SPG,2024-07-19,153.94,153.45,152.67,154.25,993100
SPG,2024-07-22,153.71,157.74,153.48,157.95,1708700
SPG,2024-07-23,157.0,156.82,155.9,158.5,1764900
SPG,2024-07-24,156.96,149.89,149.67,157.0,1905900
SRCL,2024-07-19,58.28,58.52,58.27,58.54,958000
SRCL,2024-07-22,58.6,58.66,58.42,58.7,913100
SRCL,2024-07-23,58.75,58.65,58.55,58.8,813200
SRCL,2024-07-24,58.65,58.5,58.41,58.65,1164100
SRE,2024-07-19,78.2,77.57,77.22,78.2,1559500
SRE,2024-07-22,77.86,77.99,77.5,78.19,2137800
SRE,2024-07-23,77.77,77.73,77.53,78.25,2186300
SRE,2024-07-24,78.43,79.12,78.0,79.48,3032200
STI,2024-07-19,0.45,0.43,0.42,0.45,246700
STI,2024-07-22,0.44,0.44,0.42,0.45,240300
STI,2024-07-23,0.42,0.44,0.42,0.46,766200
STI,2024-07-24,0.45,0.43,0.42,0.45,198300
STT,2024-07-19,84.59,84.49,84.06,84.88,1565700
STT,2024-07-22,84.76,84.0,83.33,84.95,1722200
STT,2024-07-23,83.64,83.81,83.49,84.71,2459000
STT,2024-07-24,83.73,82.96,82.86,84.52,1762600
STX,2024-07-19,103.96,102.63,102.47,104.27,1977200
STX,2024-07-22,104.14,106.18,103.4,106.25,2310900
STX,2024-07-23,105.17,105.3,104.5,106.59,3793900
STX,2024-07-24,109.0,109.53,107.16,113.57,9398100
STZ,2024-07-19,249.47,245.45,245.4,249.47,781800
STZ,2024-07-22,245.0,243.21,241.59,245.91,1271700
STZ,2024-07-23,244.44,245.98,243.49,246.17,932600
STZ,2024-07-24,246.0,246.88,244.54,247.45,968800
SWKS,2024-07-19,116.93,114.26,113.84,117.01,2205700
SWKS,2024-07-22,117.18,118.41,115.41,118.61,2412700
SWKS,2024-07-23,116.85,117.5,116.12,118.17,1595200
SWKS,2024-07-24,116.98,113.65,113.37,117.53,3016500
SWK,2024-07-19,87.68,86.95,86.3,87.77,1389800
SWK,2024-07-22,87.67,87.75,86.02,88.0,961600
SWK,2024-07-23,87.31,88.09,87.12,88.6,1057000
SWK,2024-07-24,87.93,86.39,86.27,88.8,809000
SYF,2024-07-19,50.65,49.97,49.85,50.65,3507800
SYF,2024-07-22,49.88,50.52,49.35,50.54,3578200
SYF,2024-07-23,50.46,50.81,50.3,51.05,1960900
SYF,2024-07-24,50.3,49.88,49.75,50.72,2516800
SYK,2024-07-19,333.37,340.95,331.97,341.39,2421800
SYK,2024-07-22,342.12,342.39,339.38,344.19,1136600
SYK,2024-07-23,342.83,341.73,340.79,346.07,1245300
SYK,2024-07-24,342.13,340.42,337.92,342.65,1481400
SYMC,2024-07-19,77.92,74.42,74.17,77.92,7045200
SYMC,2024-07-22,74.68,76.08,74.68,76.44,5171400
SYMC,2024-07-23,76.08,76.88,75.94,77.1,3613900
SYMC,2024-07-24,76.85,75.26,75.2,77.25,4129700
SYY,2024-07-19,74.77,73.62,73.5,74.77,2038500
SYY,2024-07-22,73.5,73.62,73.01,73.9,2320600
SYY,2024-07-23,73.69,73.18,73.07,73.78,2028300
SYY,2024-07-24,72.8,71.2,70.42,72.8,4224200
TAP,2024-07-19,52.99,52.4,52.21,53.05,1215700
TAP,2024-07-22,52.4,52.51,51.76,52.74,1339100
TAP,2024-07-23,52.37,52.89,52.33,53.2,1291100
TAP,2024-07-24,53.03,53.37,52.91,53.44,1912600
TDG,2024-07-19,1259.27,1238.07,1234.33,1259.27,168100
TDG,2024-07-22,1245.76,1255.85,1237.18,1259.36,200900
TDG,2024-07-23,1262.13,1287.13,1259.04,1296.38,204000
TDG,2024-07-24,1274.93,1245.48,1241.17,1274.93,171200
TEL,2024-07-19,156.64,150.69,150.59,157.04,4178600
TEL,2024-07-22,151.37,152.94,149.94,153.41,1601400
TEL,2024-07-23,151.29,151.4,150.4,152.72,2217200
TEL,2024-07-24,153.85,156.85,152.65,159.98,4501600
TGT,2024-07-19,151.46,149.73,149.36,151.46,3187000
TGT,2024-07-22,149.37,151.02,148.72,151.74,3692800
TGT,2024-07-23,150.2,150.27,149.64,150.96,1622400
TGT,2024-07-24,150.29,146.45,145.3,150.92,3029500
TIF,2024-07-19,211.87,210.14,209.32,211.87,1404100
TIF,2024-07-22,209.97,209.37,208.23,212.43,1476200
TIF,2024-07-23,209.56,209.52,208.97,212.19,1123600
TIF,2024-07-24,210.25,209.39,208.57,212.81,1922800
TJX,2024-07-19,113.46,111.75,111.59,113.52,5721900
TJX,2024-07-22,112.3,113.21,112.1,113.59,4764600
TJX,2024-07-23,113.31,113.42,113.1,113.99,3203100
TJX,2024-07-24,113.06,111.25,111.15,113.14,4755500
TMK,2024-07-19,419.24,410.89,410.83,419.24,616600
TMK,2024-07-22,412.79,420.01,410.99,420.17,441400
TMK,2024-07-23,419.19,421.39,416.94,422.79,494400
TMK,2024-07-24,422.38,424.25,419.98,432.63,995500
TMO,2024-07-19,541.15,534.35,531.48,542.23,1667300
TMO,2024-07-22,540.67,546.42,535.98,547.12,1163700
TMO,2024-07-23,570.97,552.24,550.67,572.24,2005600
TMO,2024-07-24,552.92,574.73,552.65,575.25,2857300
TPR,2024-07-19,41.61,41.23,40.98,41.75,1586100
TPR,2024-07-22,41.41,41.79,40.6,41.83,1920600
TPR,2024-07-23,41.43,41.16,40.56,41.72,2394700
TPR,2024-07-24,41.0,39.84,39.74,41.22,2131200
TRIP,2024-07-19,17.85,17.67,17.6,17.92,1252700
TRIP,2024-07-22,17.76,17.94,17.41,17.98,1259800
TRIP,2024-07-23,17.86,18.2,17.86,18.35,1138600
TRIP,2024-07-24,18.0,17.43,17.39,18.1,969200
TROW,2024-07-19,116.84,114.79,114.6,116.84,820800
TROW,2024-07-22,115.69,115.97,114.54,116.35,815000
TROW,2024-07-23,115.69,117.01,115.11,117.46,921700
TROW,2024-07-24,116.62,114.38,113.89,117.48,1383700
TRV,2024-07-19,214.33,203.48,202.95,215.26,2819800
TRV,2024-07-22,203.21,205.42,203.21,205.8,1283600
TRV,2024-07-23,205.54,208.53,205.24,208.82,1536500
TRV,2024-07-24,209.32,207.73,205.94,209.88,1276500
TSCO,2024-07-19,269.76,268.45,266.71,271.59,793500
TSCO,2024-07-22,268.85,271.08,263.0,271.55,1105600
TSCO,2024-07-23,271.81,270.36,268.5,272.15,801600
TSCO,2024-07-24,269.44,262.52,262.49,270.13,1310900
TSN,2024-07-19,60.59,59.73,59.11,60.59,1418500
TSN,2024-07-22,59.64,59.51,59.0,59.84,1166200
TSN,2024-07-23,59.51,59.23,58.89,59.56,818500
TSN,2024-07-24,59.23,59.38,58.66,59.42,1565900
TSS,2024-07-19,42.63,42.64,41.61,42.83,12839900
TSS,2024-07-22,42.43,42.67,42.37,42.98,10115500
TSS,2024-07-23,42.44,42.98,41.9,43.08,17688600
TSS,2024-07-24,43.25,44.66,43.25,44.78,20392800
TWX,2024-07-19,433.1,437.11,432.0,441.14,20940400
TWX,2024-07-22,441.79,442.94,438.91,444.6,15808800
TWX,2024-07-23,443.9,444.85,443.1,448.39,13107100
TWX,2024-07-24,440.45,428.9,427.59,441.48,26805800
TXN,2024-07-19,205.36,199.1,198.74,206.15,4868000
TXN,2024-07-22,203.1,205.88,201.01,206.0,6063800
TXN,2024-07-23,200.59,198.29,197.44,202.98,6083300
TXN,2024-07-24,206.36,198.28,196.91,206.55,11049100
TXT,2024-07-19,93.23,90.33,90.2,93.23,1458100
TXT,2024-07-22,91.0,91.82,90.2,92.05,1105500
TXT,2024-07-23,91.82,92.13,91.72,92.7,876800
TXT,2024-07-24,91.85,90.12,89.76,92.08,1062100
T,2024-07-19,19.12,19.12,18.98,19.24,29910300
T,2024-07-22,18.7,18.55,18.31,18.77,44083600
T,2024-07-23,18.57,18.21,18.14,18.61,70161800
T,2024-07-24,18.92,19.16,18.76,19.23,64465000
UAA,2024-07-19,6.65,6.7,6.56,6.77,8594400
UAA,2024-07-22,6.72,6.69,6.56,6.75,11898600
UAA,2024-07-23,6.49,6.56,6.45,6.7,12027700
UAA,2024-07-24,6.55,6.52,6.49,6.64,11072200
UAL,2024-07-19,45.9,47.93,44.95,48.31,9601200
UAL,2024-07-22,47.24,48.19,46.63,48.76,8876300
UAL,2024-07-23,47.99,48.22,47.86,48.89,6682500
UAL,2024-07-24,48.34,46.02,45.83,48.34,6996100
UA,2024-07-19,6.51,6.55,6.43,6.6,1369795
UA,2024-07-22,6.61,6.53,6.41,6.61,2135645
UA,2024-07-23,6.33,6.4,6.33,6.52,2351600
UA,2024-07-24,6.36,6.35,6.32,6.44,1926423
UDR,2024-07-19,41.87,41.52,41.31,41.87,1044600
UDR,2024-07-22,41.54,42.03,41.32,42.14,1686500
UDR,2024-07-23,41.98,42.01,41.82,42.18,2712900
UDR,2024-07-24,42.05,41.5,41.4,42.21,2021600
UHS,2024-07-19,183.02,180.82,179.5,183.02,634600
UHS,2024-07-22,181.33,182.17,179.81,183.5,610700
UHS,2024-07-23,184.37,185.3,181.29,186.5,854300
UHS,2024-07-24,187.0,185.97,185.05,189.78,958700
ULTA,2024-07-19,394.6,390.92,387.0,394.68,897300
ULTA,2024-07-22,390.92,391.67,382.21,392.45,596800
ULTA,2024-07-23,389.87,389.29,388.98,395.67,557400
ULTA,2024-07-24,379.5,369.61,364.67,381.0,1507900
UNH,2024-07-19,567.12,565.33,561.54,569.9,4290400
UNH,2024-07-22,563.05,558.53,557.08,564.25,3377300
UNH,2024-07-23,558.79,554.7,552.81,558.84,2785600
UNH,2024-07-24,560.0,559.75,553.02,561.13,3156200
UNM,2024-07-19,53.56,53.55,52.96,53.83,1006700
UNM,2024-07-22,53.54,53.83,53.43,54.13,1383000
UNM,2024-07-23,53.78,53.95,53.54,54.0,798400
UNM,2024-07-24,54.04,53.58,53.53,54.33,1000900
UNP,2024-07-19,244.8,242.32,241.5,244.8,3870100
UNP,2024-07-22,242.78,243.27,240.86,243.37,2187000
UNP,2024-07-23,242.23,239.5,239.29,242.9,2538300
UNP,2024-07-24,238.2,237.38,236.84,240.74,3288800
UPS,2024-07-19,145.87,145.18,143.24,145.88,3073800
UPS,2024-07-22,145.75,145.18,143.69,146.17,3629800
UPS,2024-07-23,130.14,127.68,124.98,132.26,25353900
UPS,2024-07-24,126.51,128.53,124.8,129.25,11642500
URI,2024-07-19,733.18,718.64,716.42,733.18,493300
URI,2024-07-22,731.78,738.35,715.0,738.35,520900
URI,2024-07-23,731.74,743.94,724.25,751.41,596200
URI,2024-07-24,740.28,715.82,715.74,747.16,1212400
USB,2024-07-19,44.74,44.76,44.26,44.97,11842300
USB,2024-07-22,44.63,45.04,43.96,45.22,12327600
USB,2024-07-23,44.84,45.55,44.68,45.68,8131500
USB,2024-07-24,45.59,44.77,44.71,45.84,8059400
UTX,2024-07-19,126.32,121.03,120.34,126.46,989300
UTX,2024-07-22,121.85,120.39,120.18,122.0,625700
UTX,2024-07-23,120.39,121.2,119.72,121.41,696400
UTX,2024-07-24,121.95,120.03,119.79,121.95,754900
VAR,2024-07-19,86.47,85.49,85.18,86.81,1461400
VAR,2024-07-22,85.72,87.14,85.14,87.2,1174300
VAR,2024-07-23,86.99,86.45,86.32,87.89,1307400
VAR,2024-07-24,86.17,86.45,85.93,87.97,996600
VFC,2024-07-19,16.12,16.38,15.73,16.49,7727500
VFC,2024-07-22,16.34,16.28,15.79,16.44,5155700
VFC,2024-07-23,16.14,16.27,15.98,16.36,5137400
VFC,2024-07-24,16.22,15.97,15.78,16.56,6323500
VIAB,2024-07-19,40.57,41.0,40.33,41.16,5799100
VIAB,2024-07-22,40.84,41.4,40.43,41.41,6648400
VIAB,2024-07-23,41.3,42.3,41.3,42.62,8802700
VIAB,2024-07-24,42.41,42.22,42.01,43.08,7490200
VLO,2024-07-19,148.74,148.33,146.63,149.32,1582400
VLO,2024-07-22,147.5,149.02,146.12,149.67,2435400
VLO,2024-07-23,148.9,146.87,146.42,149.42,1793700
VLO,2024-07-24,147.19,148.82,145.09,149.6,3770300
VMC,2024-07-19,257.8,256.14,254.7,258.19,599700
VMC,2024-07-22,257.58,260.61,255.25,261.49,743900
VMC,2024-07-23,260.04,260.15,259.38,262.09,408500
VMC,2024-07-24,258.42,250.51,250.06,259.83,1116300
VNO,2024-07-19,28.86,28.71,28.41,29.41,1212600
VNO,2024-07-22,28.7,28.86,28.31,29.18,1405900
VNO,2024-07-23,28.72,29.28,28.67,29.51,3138800
VNO,2024-07-24,29.11,28.12,28.11,29.59,1278100
VRSK,2024-07-19,281.89,276.83,275.51,281.89,1382900
VRSK,2024-07-22,278.47,278.61,277.33,280.48,467100
VRSK,2024-07-23,278.61,278.12,277.5,279.69,397800
VRSK,2024-07-24,278.97,276.55,276.25,278.97,618400
VRSN,2024-07-19,178.34,177.18,175.93,178.43,763300
VRSN,2024-07-22,178.23,177.46,177.0,179.0,509900
VRSN,2024-07-23,177.46,176.26,175.88,177.8,625300
VRSN,2024-07-24,175.27,174.97,173.82,175.52,888500
VRTX,2024-07-19,490.73,491.57,489.07,495.79,1691800
VRTX,2024-07-22,497.0,495.91,491.52,498.77,966200
VRTX,2024-07-23,494.69,490.32,487.98,495.35,821300
VRTX,2024-07-24,488.46,490.8,486.25,491.99,967500
VTR,2024-07-19,53.59,53.3,53.14,53.7,1535000
VTR,2024-07-22,53.29,53.67,52.79,53.72,1449400
VTR,2024-07-23,53.59,53.56,53.44,54.22,1628600
VTR,2024-07-24,53.62,53.53,53.43,54.51,1639900
VZ,2024-07-19,42.3,41.62,41.43,42.3,17608000
VZ,2024-07-22,39.95,39.09,38.7,40.0,54985800
VZ,2024-07-23,38.74,38.89,38.72,39.27,25257700
VZ,2024-07-24,39.24,39.67,39.05,39.83,22889000
V,2024-07-19,270.32,265.46,264.31,270.95,6839900
V,2024-07-22,267.23,267.71,265.02,268.4,5313600
V,2024-07-23,267.53,264.79,263.86,267.7,8109200
V,2024-07-24,256.07,254.17,253.13,257.2,13065900
WAT,2024-07-19,309.05,302.72,301.15,309.05,386900
WAT,2024-07-22,305.37,307.22,300.88,308.45,447000
WAT,2024-07-23,312.07,300.83,300.26,312.07,341700
WAT,2024-07-24,300.32,305.31,300.32,310.25,401400
WBA,2024-07-19,11.31,11.01,10.98,11.32,80864500
WBA,2024-07-22,10.89,11.3,10.8,11.32,22281400
WBA,2024-07-23,11.13,11.23,10.98,11.34,14323400
WBA,2024-07-24,11.24,11.16,11.12,11.39,11263100
WDC,2024-07-19,70.65,69.82,69.21,71.65,4315900
WDC,2024-07-22,71.22,73.06,70.69,73.15,5421100
WDC,2024-07-23,72.36,72.96,72.35,73.45,2789300
WDC,2024-07-24,72.91,72.01,71.83,74.37,6386900
WEC,2024-07-19,82.58,81.55,81.13,82.78,1536900
WEC,2024-07-22,81.5,82.03,81.45,82.29,2297900
WEC,2024-07-23,82.04,81.75,81.6,82.42,2361500
WEC,2024-07-24,82.63,83.56,82.0,83.81,2999300
WFC,2024-07-19,59.3,59.23,59.11,59.77,12362800
WFC,2024-07-22,59.26,59.14,58.54,59.39,13638600
WFC,2024-07-23,59.2,59.67,59.04,59.91,10927800
WFC,2024-07-24,59.77,59.44,59.37,60.21,10777100
WHR,2024-07-19,104.65,105.62,104.65,107.39,743700
WHR,2024-07-22,106.15,106.31,105.47,107.44,732800
WHR,2024-07-23,104.0,101.36,100.64,104.04,1724600
WHR,2024-07-24,101.22,98.75,98.03,101.8,1854200
WLTW,2024-07-19,172.81,169.79,168.65,172.81,386700
WLTW,2024-07-22,169.24,169.41,168.65,170.89,299800
WLTW,2024-07-23,169.68,172.45,169.12,172.69,319800
WLTW,2024-07-24,173.21,169.88,169.65,173.64,218800
WMB,2024-07-19,43.64,44.0,43.29,44.18,8859200
WMB,2024-07-22,44.11,44.77,44.02,45.1,8500700
WMB,2024-07-23,44.6,44.08,44.02,44.79,8738200
WMB,2024-07-24,44.0,42.49,42.34,44.04,10198500
WMT,2024-07-19,71.2,70.75,70.65,71.33,11665500
WMT,2024-07-22,70.86,70.38,70.23,71.26,12666100
WMT,2024-07-23,70.47,70.65,70.11,70.7,9263600
WMT,2024-07-24,70.52,70.6,70.34,70.84,22490800
WM,2024-07-19,224.5,222.8,222.13,225.0,1220900
WM,2024-07-22,221.7,223.45,221.31,223.53,1135000
WM,2024-07-23,223.41,218.73,218.09,223.52,1533600
WM,2024-07-24,218.44,217.38,216.98,219.58,1361100
WRK,2024-07-19,45.7,45.72,45.49,46.04,4219100
WRK,2024-07-22,45.9,46.49,45.76,46.68,6366400
WRK,2024-07-23,46.09,45.92,45.52,46.18,5522100
WRK,2024-07-24,45.54,46.28,44.97,47.3,15253200
WU,2024-07-19,12.56,12.46,12.39,12.58,2608600
WU,2024-07-22,12.48,12.61,12.36,12.64,2913300
WU,2024-07-23,12.57,12.52,12.47,12.6,2465900
WU,2024-07-24,12.48,12.39,12.37,12.57,3593800
WYNN,2024-07-19,83.48,83.43,82.19,83.75,2150800
WYNN,2024-07-22,83.96,83.54,82.59,84.44,1641600
WYNN,2024-07-23,83.23,83.27,82.55,83.31,1569900
WYNN,2024-07-24,83.46,80.97,80.66,83.75,2320100
WYN,2024-07-19,231.94,227.95,226.39,231.94,1205000
WYN,2024-07-22,229.2,228.03,225.23,230.48,897800
WYN,2024-07-23,226.83,224.28,223.91,227.49,840000
WYN,2024-07-24,224.26,221.34,220.12,224.58,1539900
WY,2024-07-19,30.48,30.14,29.87,30.58,2965100
WY,2024-07-22,30.19,30.6,29.87,30.65,3723000
WY,2024-07-23,30.41,30.26,30.11,30.49,2759600
WY,2024-07-24,30.31,29.87,29.81,30.38,3191600
XEC,2024-07-19,224.14,219.99,219.62,224.14,364900
XEC,2024-07-22,219.92,224.18,219.16,224.77,654100
XEC,2024-07-23,229.53,220.56,216.46,233.48,775900
XEC,2024-07-24,219.52,214.79,214.3,219.52,898500
XEL,2024-07-19,55.8,55.94,55.03,56.09,3043900
XEL,2024-07-22,56.19,55.74,55.61,56.39,2545100
XEL,2024-07-23,55.61,55.14,55.02,55.72,2164900
XEL,2024-07-24,55.67,56.36,55.36,56.4,2907500
XLNX,2024-07-19,70.23,68.87,67.26,70.34,5526600
XLNX,2024-07-22,69.65,69.93,68.5,70.2,2601300
XLNX,2024-07-23,68.47,68.59,68.1,69.52,2536900
XLNX,2024-07-24,68.08,67.08,66.99,69.16,3196700
XL,2024-07-19,353.91,346.22,345.28,355.04,3462700
XL,2024-07-22,348.0,347.87,341.38,348.73,2659600
XL,2024-07-23,345.73,344.17,341.38,348.66,2027800
XL,2024-07-24,342.95,336.04,335.45,344.82,2835800
XOM,2024-07-19,118.59,116.07,115.87,118.88,16157700
XOM,2024-07-22,115.18,115.27,114.58,115.94,12065900
XOM,2024-07-23,114.81,113.41,113.17,115.17,11251700
XOM,2024-07-24,113.77,115.01,113.07,115.2,14925200
XRAY,2024-07-19,26.42,26.36,26.08,26.59,2040200
XRAY,2024-07-22,26.36,26.39,26.07,26.58,3241000
XRAY,2024-07-23,26.36,26.06,25.99,26.39,1691300
XRAY,2024-07-24,26.13,26.24,26.07,26.4,1917800
XRX,2024-07-19,11.92,11.88,11.8,12.02,1273200
XRX,2024-07-22,11.87,11.88,11.51,11.91,1634500
XRX,2024-07-23,11.79,11.68,11.58,11.82,2033700
XRX,2024-07-24,11.7,11.78,11.67,12.04,2304400
XYL,2024-07-19,138.67,137.49,136.55,139.28,1038500
XYL,2024-07-22,138.98,139.34,137.76,139.55,902900
XYL,2024-07-23,138.91,140.72,138.41,141.22,860400
XYL,2024-07-24,140.02,136.71,136.52,140.62,1010600
YUM,2024-07-19,129.04,126.93,126.75,129.09,2045800
YUM,2024-07-22,126.84,128.61,126.42,128.68,1605300
YUM,2024-07-23,128.64,126.46,126.2,128.64,1298600
YUM,2024-07-24,125.97,125.95,124.76,126.83,1620500
ZBH,2024-07-19,112.04,110.5,109.6,112.04,1510700
ZBH,2024-07-22,110.85,110.33,109.75,111.4,1355700
ZBH,2024-07-23,110.38,110.0,109.44,110.76,978200
ZBH,2024-07-24,110.32,110.55,109.51,111.05,925300
ZION,2024-07-19,49.21,48.98,48.65,49.61,2544000
ZION,2024-07-22,48.66,49.48,48.42,49.71,2533900
ZION,2024-07-23,53.32,52.53,50.94,53.32,3161600
ZION,2024-07-24,52.03,50.98,50.87,52.68,2351600
ZTS,2024-07-19,180.04,178.58,176.17,180.51,2131400
ZTS,2024-07-22,180.8,180.76,178.78,182.17,1532900
ZTS,2024-07-23,181.13,179.38,179.25,182.18,1329400
ZTS,2024-07-24,179.33,179.66,178.39,180.84,1309300
